,ルーツ,アーツ名,種別,最大Lv,タイミング,判定値,対象,射程,コスト,効果,ルーツ
亜人種族、デミヒューマンをあらわすブラッド。,,,,,,,,,,,
,ネイバー,駆け抜けるもの,攻撃、魔獣,1,メジャー,【白兵】,単体,武器,3,あなたは通常移動を行ない、その後に白兵攻撃を行なう。この攻撃にダメージに+【肉体B】をする。,ﾈｲﾊﾞｰ
,ネイバー,獣の身こなし,魔獣,3,リアクション,【肉体】,自身,なし,2,あなたはドッジを【肉体】で行なえる。1ラウンドにLv回まで使用できる。,ﾈｲﾊﾞｰ
,ネイバー,種族の伝承,なし,1,判定直前,自動成功,自身,なし,1,あなたは情報収集判定を【肉体】で行なえる。,ﾈｲﾊﾞｰ
,ネイバー,超感覚,なし,1,効果参照,自動成功,単体,シーン,1,対象が何らかのアクションを行なう際に使用する。そのアクションでは、隠密状態のキャラクターを対象にできる。,ﾈｲﾊﾞｰ
,ネイバー,ナワバリ,魔獣,1,マイナー,自動成功,自身,なし,4,あなたのエンゲージを封鎖し、そのエンゲージであなたの味方が行なうあらゆる判定の達成値を+1する。この効果はシーンが終了するか、あなたがそのエンゲージを離れると解除される。,ﾈｲﾊﾞｰ
,ネイバー,群れをなすもの,ア,1,常時,自動成功,自身,なし,2,あなたは以下のデータを持つ射撃武器を得る。　種別：武器(射撃/軍団)　命中：+0　G値：+5　攻撃力：【肉体】+2+1D6　行動値：+0　射程：シーン,ﾈｲﾊﾞｰ
,ネイバー,野生の爪牙,魔獣,5,常時,自動成功,自身,なし,0,《魔獣化》の効果中、あなたの素手のダメージを[【肉体】+(Lv×2)+1D6]、G値を[Lv+3]に変更する。あなたの《魔獣化》のコストは+1される。,ﾈｲﾊﾞｰ
,ネイバー,超獣神,純血、魔獣,1,解放状態,自動成功,自身,なし,4,あなたが解放状態となった直後に使用する。そのシーンの間、あなたが与える【肉体】属性のダメージに+【肉体】し、攻撃の対象のG値を無視する。,ﾈｲﾊﾞｰ
DO,ネイバー,駆け抜ける風,なし,1,効果参照,自動成功,自身,なし,2,あなたが通常移動か離脱移動を行なうと同時に使用する。そのラウンドの間、あなたが行なうドッジの達成値を+2する。,ﾈｲﾊﾞｰ
DO,ネイバー,獣の間合い,魔獣,1,マイナー,自動成功,自身,なし,2,そのメインプロセスの間、あなたは「種別：射撃」の武器で白兵攻撃を行なえる。判定値は【白兵値】、「射程：至近」に変更され、そのダメージに+【肉体B】する。,ﾈｲﾊﾞｰ
DO,ネイバー,種族の至宝,ア,5,常時,自動成功,自身,なし,2,あなたが常備化している武器か防具ひとつを選択する。それが武器なら攻撃力とG値、防具ならA値に+[Lv+1]する。素手を選択した場合、命中修正をさらに+1する。プリプレイに選択し直してもよい。,ﾈｲﾊﾞｰ
DO,ネイバー,鋭き狩人,魔獣,3,判定直前,自動成功,自身,なし,2,あなたは素手による白兵攻撃の命中判定を[【肉体】+Lv]で行なえる。,ﾈｲﾊﾞｰ
DO,ネイバー,排斥されしもの,魔獣,3,常時,自動成功,自身,なし,3,《魔獣化》の効果中、あなたが行なうDRに+(Lv)D6する。あなたは《魔獣化》した場合、即座に迫害状態となる。,ﾈｲﾊﾞｰ
DO,ネイバー,秘伝の霊薬,ア,3,効果参照,自動成功,自身,なし,2,「種別：回復」のアーツかアイテムと同時に使用する。その効果で回復する【FP】を+(Lv)D6し、効果に「対象の受けているBSひとつを回復する」を追加する。,ﾈｲﾊﾞｰ
DO,ネイバー,ワイルドボイス,ア,5,常時,自動成功,自身,なし,2,あなたは以下のデータを持つ射撃武器を得る。《魔獣化》中のみ使用でき、命中判定は【感情】で行なう。　種別：武器(射撃/魔法)　命中：0　攻撃力：(【感情】+Lv×2+2)+1D6　G値：3　行動値：0　射程：シーン　購入：-/-,ﾈｲﾊﾞｰ
DO,ネイバー,獣王の盾,純血、魔獣,1,DR直前,自動成功,単体,シーン,愛,対象が行なった攻撃の、DR直前に使用する。そのDRの対象をあなたひとりに変更する。1シナリオ1回まで使用できる。,ﾈｲﾊﾞｰ
鬼 - 日本の先住民族である、角つきの鬼たちをあらわすルーツ。,,,,,,,,,,,
,鬼,鬼人剛体,自動、防御、魔獣,1,DR直後,自動成功,単体,至近,2,対象が受けるダメージを-[【肉体B】+1D6]する。1ラウンドに1回まで使用できる。,鬼
,鬼,鬼の腕,魔獣,3,効果参照,自動成功,自身,なし,2,あなたがガードを行なう際に使用する。攻撃側のキャラクターは[【肉体B】+(Lv)D6]点の【FP】を失う。1ラウンドに1回まで使用できる。,鬼
,鬼,鬼の道行き,攻撃、魔獣,1,メジャー,【白兵】,範囲,武器,2,対象に白兵攻撃を行なう。対象が2体以上になるか、またはクラードを含む場合、この攻撃ダメージに+1D6する。,鬼
,鬼,鬼哭,魔獣,1,効果参照,自動成功,単体,シーン,愛,いつでも使用でき、あなた以外の同意した対象のみ使用できる。対象は1点の愛を得る。1シナリオに1回まで使用でき、このアーツはいかなる効果でも対象を単体から変更できない。,鬼
,鬼,鬼神剛力,魔獣,1,常時,自動成功,自身,なし,0,《魔獣化》の効果中、あなたが行なう白兵攻撃ダメージに+【肉体B】する。あなたの《魔獣化》コストは+1される。,鬼
,鬼,風雷鬼,魔獣,1,ムーブ,自動成功,自身,なし,2,そのメインプロセスの間、あなたが行なう白兵攻撃のダメージ属性を【感情】に変更し、「射程：シーン」に変更する。,鬼
,鬼,鬼の念仏,20、攻撃、回復,5,メジャー,【感情】,シーン,シーン,3,対象に特殊攻撃を行なう。対象は【感情】でドッジを行なう。この攻撃が命中した場合、ダメージの代わりに放心を与えるか、対象の【FP】を[【感情】+(Lv)D6]点回復する。対象ごとにあなたが効果を選択すること。,鬼
,鬼,点鬼簿,純血、支援,1,セットアップ,自動成功,単体,シーン,4,そのシーンの間、対象が攻撃から受けるダメージを+【肉体B】する。,鬼
DE,鬼,鬼のひと撫で,なし,3,マイナー,自動成功,自身,なし,4,そのメインプロセスの間、あなたが素手で行なう白兵攻撃のダメージに+【肉体】し、1点でもダメージを与えた場合、対象に離脱移動を行なわせる。移動先はあなたが決定する。1シーンにLv回まで使用できる。,鬼
DE,鬼,変化妖鬼,支援、魔獣,3,DR直前,自動成功,単体,シーン,3,対象が行なうDRに+(Lv)D6し、1点でもダメージを与えた場合、さらに狼狽を与える。1ラウンドに1回まで使用できる。,鬼
DO,鬼,鬼に金棒,魔獣,3,常時,自動成功,自身,なし,2,一定以上の【肉体】が装備などの条件として設定されている武器をあなたが《魔獣化》中に装備している場合、その命中修正と行動値修正を+Lv(最大0)し、攻撃力を+1D6する。,鬼
DO,鬼,鬼宿りの器,なし,5,常時,自動成功,自身,なし,3,このアーツは「種別：人間」をもたなければ取得できない。プリプレイにあなたが常備化している武器ひとつを選択し、ダメージ属性を【加護】に変更、「種別：人間」以外の種別を持つ者に与えるダメージが+[Lv×3]されるが、《魔獣化》中でなければ攻撃に使用できない。,鬼
DO,鬼,雲つく巨体,魔獣,1,常時,自動成功,自身,なし,2,あなたが取得している《巨体》の効果を[Lv×10+10]に変更し、《魔獣化》中のあなたと同じエンゲージにいるあなた以外の味方が行なうドッジの達成値を+1する。,鬼
DO,鬼,金剛鬼,魔獣,3,常時,自動成功,自身,なし,2,あなたが使用する《鬼神剛体》の効果を[【肉体】+1D6]に変更し、1ラウンドにLv回使用できるようになる。,鬼
DO,鬼,怪力乱神,0、攻撃,3,メジャー,【白兵】,単体,武器,7,対象に白兵攻撃を行なう。この攻撃のダメージを+[【肉体】×2]し、《点鬼簿》の効果を受けている対象はこの攻撃に対するドッジが行なえない。1シナリオにLv回まで使用できる。,鬼
人狼 - いわゆる狼男をあらわすルーツ。,,,,,,,,,,,
,人狼,ワーウルフ,自動、魔獣,1,常時,自動成功,自身,なし,0,《魔獣化》の効果中、あなたが行なう白兵攻撃の命中判定の達成値を+2する。あなたの《魔獣化》コストは+1される。,人狼
,人狼,ウルフヘジーク,魔獣,1,ムーブ,自動成功,自身,なし,3,そのシーンの間、あなたが行なう白兵攻撃のダメージを+【肉体B】する。効果中、あなたはガードを行なえない。この効果はマイナーアクションで解除できる。,人狼
,人狼,恐怖の咆哮,攻撃,5,メジャー,【肉体】,範囲,シーン,2,範囲の対象に[【肉体】+(Lv)D6]点のダメージを与える特殊攻撃を行なう。対象は【回避】でドッジを行なう。この攻撃で1点でもダメージを与えた場合、さらに狼狽を与える。,人狼
,人狼,食らいつき,攻撃、魔獣,1,メジャー,【白兵】,単体,至近,2,対象に白兵攻撃を行なう。この攻撃で1点でもダメージを与えた場合、あなたは対象と同調状態になる。この同調状態の間、対象が行なうあらゆる判定の達成値を-2する。対象はマイナーアクションを消費することでこの同調状態を解除できる。このアーツは対象と射程を変更できない。,人狼
,人狼,鼓舞の咆哮,なし,1,セットアップ,自動成功,シーン,シーン,4,そのラウンドの間、対象が行なうDRに+1D6する。,人狼
,人狼,スラブの血,魔獣,1,常時,自動成功,自身,なし,0,《魔獣化》の効果中、あなたのA値を+【肉体B】する。ただし【加護】属性のダメージに対しては効果がない。あなたの《魔獣化》のコストは+1される。,人狼
,人狼,電光石火,20、魔獣,3,イニシアチブ,自動成功,自身,なし,4,あなたは即座にメインプロセスを行なう。未行動でなくては使用できず、メインプロセス後に行動済みとなる。即座にメインプロセスを行なうような効果を複数のキャラクターが同時に使用した場合、【行動値】の高い順に適用すること。1シーンにLv回まで使用できる。,人狼
,人狼,神狼撃,純血、魔獣、攻撃,1,メジャー,【白兵】,単体,至近,罪,対象に素手による白兵攻撃を行なう。その攻撃のDRに+[【FP】最大値-【FP】]する。1シナリオに1回まで使用できる。,人狼
DE,人狼,ウルフパック,なし,1,マイナー,自動成功,単体,シーン,2,あなたか対象が装備中の「種別：軍団」の武器ひとつを選択する。そのラウンドの間、対象が行なうDRに+[選択した武器のG値]する。,人狼
DE,人狼,完全獣化,なし,1,効果参照,自動成功,自身,なし,2,《魔獣化》と同時に使用する。その効果中、あなたの素手の攻撃力に+5、G値を+3し、あなたは素手と「種別：軍団」以外の武器を装備できない。装備していた場合は所持品となる。,人狼
DO,人狼,内なる獣の囁き,なし,3,判定直前,自動成功,単体,シーン,3,対象が情報収集判定を行なう直前に使用する。その達成値に+2し、その判定ではアクシデントが発生しない。1シーンにLv回まで使用できる。,人狼
DO,人狼,飢狼の軍団,ア,5,常時,自動成功,自身,なし,2,あなたが《群れをなすもの》で取得した射撃武器の攻撃力を+[Lv×3]し、それを装備中にあなたが素手に行なう攻撃ダメージに+2する。,人狼
DO,人狼,食いちぎり,魔獣,3,イニシアチブ,自動成功,自身,なし,4,《食らいつき》の効果中のみ使用できる。その対象は[あなたの【肉体】+(Lv)D6]点の【FP】を失い、《食らいつき》の効果と同調状態が解除される。,人狼
DO,人狼,血の伝播,魔獣,1,メジャー,自動成功,単体,至近,6,エキストラのみ対象にできる。対象は2D6日後に人狼となる。この時、異形となる可能性もある。詳細はGMが決定すること。GMはこのアーツの使用を却下してもよい。あなたがかりそめの死か真の死となった場合、効果は解除される。,人狼
DO,人狼,音よりも疾く,0,1,効果参照,自動成功,自身,なし,7,《完全獣化》の効果中のみ使用でき、《電光石火》と同時に使用する。あなたは行動済みでも《電光石火》を使用でき、その効果でメインプロセスを行なっても行動済みにならない。1シナリオに1回まで使用できる。,人狼
バステトの子ら - 人間に変身することができる猫、もしくは猫に変身することができる人間をあらわすルーツ。,,,,,,,,,,,
,バステトの子ら,キャットピープル,自動、魔獣,5,常時,自動成功,自身,なし,0,《魔獣化》の効果中、あなたの【行動値】を+[Lv×3]する。あなたの《魔獣化》コストは+1される。,ﾊﾞｽﾃﾄの子ら
,バステトの子ら,完全猫変身,魔獣,1,イニシアチブ,自動成功,自身,なし,1,そのシーンの間、あなたが行なう情報収集判定の達成値を+2し、あなたのA値を-5(最低0)する。この効果はマイナーアクションで解除できる。,ﾊﾞｽﾃﾄの子ら
,バステトの子ら,キャットアクロバット,魔獣,3,判定直前,自動成功,自身,なし,2,あなたが行なうドッジの達成値を+2し、対決に勝利した場合、あなたは即座に通常移動か離脱移動を行なってもよい。この時、封鎖の影響を受けない。1ラウンドにLv回まで使用できる。,ﾊﾞｽﾃﾄの子ら
,バステトの子ら,キャットダンス,魔獣,1,ムーブ,自動成功,自身,なし,2,そのメインプロセスの間、あなたが行なう攻撃の命中判定とダメージ属性を【感情】に変更し、1点でもダメージを与えた場合、さらに[翻弄：あなた]を与える。,ﾊﾞｽﾃﾄの子ら
,バステトの子ら,月の魔法,魔獣,1,効果参照,自動成功,自身,なし,2,「種別：魔法」のアーツまたは武器と同時に使用する。そのアーツの効果または攻撃で与えるダメージ、軽減するダメージ、回復する【FP】すべて+【肉体B】する。,ﾊﾞｽﾃﾄの子ら
,バステトの子ら,猫の障り,支援,1,DR直前,自動成功,単体,シーン,3,対象が行なうDRに+【肉体B】し、1点でもダメージを与えた場合、さらに束縛を与える。1ラウンドに1回まで使用できる。,ﾊﾞｽﾃﾄの子ら
,バステトの子ら,シュレディンガーの猫,20、魔法,3,判定直前,自動成功,単体,シーン,3,対象が何らかの判定を行なう際に使用する。対象はその判定を2回行ない、あなたがどちらか任意の結果を採用する。1シーンにLv回まで使用できる。,ﾊﾞｽﾃﾄの子ら
,バステトの子ら,ナインライブズ,純血、魔獣,1,効果参照,自動成功,自身,なし,罪,あなたの【FP】が0になった直後に使用する。かりそめの死や真の死になる代わりに、あなたの【FP】を2D6点まで回復する。解放状態でも【FP】を回復できる。1シナリオに1回まで使用できる。,ﾊﾞｽﾃﾄの子ら
DE,バステトの子ら,舌奪いの呪,攻撃、魔法,5,メジャー,【肉体】,範囲,シーン,4,対象に[【肉体】+(Lv)D6]点のダメージを与える特殊攻撃を行なう。対象は【肉体】でドッジを行なう。1点でもダメージを与えた場合、対象は「種別：魔法」のアーツと武器が使用できなくなる。これはBSとして扱い、マイナーアクションを使用することで回復できる。,ﾊﾞｽﾃﾄの子ら
DE,バステトの子ら,猫の禍,なし,1,効果参照,自動成功,自身,なし,6,あなたにダメージが適用された直後に使用する。そのダメージを与えたキャラクターは、適用されたダメージと同点の【FP】(最大であなたの[【肉体】+【感情】点まで)を失う。1シーンに1回まで使用できる。,ﾊﾞｽﾃﾄの子ら
DO,バステトの子ら,捨て猫のまなざし,魔獣,1,DR直前,自動成功,単体,至近,4,同意した対象はあなたに対してカバーリングを行なう。対象はカバーリングを行なっても行動済みにならず、行動済みでもカバーリングを行える。1ラウンドに1回まで使用でき、[翻弄：あなた]を受けている対象には同意なしで使用できる。,ﾊﾞｽﾃﾄの子ら
DO,バステトの子ら,猫たま,魔獣、攻撃,1,メジャー,【白兵】,単体,武器,4,対象に白兵攻撃を行なう。この攻撃のダメージに+[【行動値】÷2]する。1ラウンドに1回まで使用でき、乗り物を装備中には使用できない。,ﾊﾞｽﾃﾄの子ら
DO,バステトの子ら,猫の群れ,ア,3,常時,自動成功,自身,なし,2,あなたが《群れをなすもの》で取得した射撃武器の攻撃力を+[Lv×2]し、装備中に行なうドッジの達成値を+Lvする。,ﾊﾞｽﾃﾄの子ら
DO,バステトの子ら,みじかき午睡,回復,3,イニシアチブ,自動成功,自身,なし,3,あなたの【FP】を[【肉体】+(Lv)D6]点回復し、BSひとつを回復する。ただし、この時ダイス目がすべて6だった場合、使用後あなたは放心を受ける。1ラウンドに1回まで使用できる。,ﾊﾞｽﾃﾄの子ら
DO,バステトの子ら,夏への扉,0,1,判定直後,自動成功,単体,シーン,愛,対象が何らかの判定を行なった直後に使用する。あなたは1D6し、偶数ならその判定はクリティカル、奇数ならファンブルとなる。1シーンに1回まで使用できる。,ﾊﾞｽﾃﾄの子ら
半魚人 - 半魚人や人魚をあらわすルーツ(『ディケイド』にて追加)。,,,,,,,,,,,
DE,半漁人,水棲種族,自動、魔獣,5,常時,自動成功,自身,なし,0,《魔獣化》の効果中、あなたのA値を+[Lv×2]し、あなたはGMが水中の影響と判断した不利な効果を受けない。あなたの《魔獣化》コストは+1される。,半漁人
DE,半漁人,オリハルコンの武具,ア,5,常時,自動成功,自身,なし,2,あなたが常備化しているアイテムからLv個選択する。それが武器か乗り物ならダメージの基準と属性を【感情】に変更し、攻撃力とG値を+2する。防具ならA値に+2する。それらは「種別：遺産」として扱われる。プリプレイに選択し直してもよい。,半漁人
DE,半漁人,深淵より来るもの,魔獣,1,常時,自動成功,自身,なし,0,《魔獣化》中、あなたがおこなう攻撃で1点でもダメージを与えた場合、さらに重圧を与える。あなたの《魔獣化》コストは+2される。,半漁人
DE,半漁人,セイレーンの歌,攻撃,5,メジャー,【感情】+Lv,シーン,シーン,5,対象に、DRに代わりに放心を与える特殊攻撃を行なう。対象は【感情】でドッジを行なう。対象がエキストラの場合、あなたの支配下となる。詳細はGMが決定すること。,半漁人
DE,半漁人,テンタクルバインド,攻撃,1,メジャー,【白兵】,単体,シーン,3,対象に白兵攻撃を行なう。この攻撃を「射程：シーン」に変更し、1点でもダメージを与えた場合、さらに束縛を与える。,半漁人
DE,半漁人,人魚の涙,なし,1,セットアップ,自動成功,単体,シーン,3,対象に[翻弄：あなた]を与え、あなたの財産点を+1D6点する。1シナリオに3回まで使用できる。,半漁人
DE,半漁人,海神,20,3,効果参照,自動成功,自身,なし,4,《アレナ展開》または《ナワバリ》と同時に使用する。そのシーンの間、あなたが行なう攻撃のダメージに+[Lv×4]する。,半漁人
DE,半漁人,海の怒り,純血、攻撃,5,メジャー,【肉体】,シーン,シーン,7,対象に[【肉体】+(Lv×2)D6]点のダメージを与える特殊攻撃を行なう。対象は【肉体】でドッジを行なう。1点でもダメージを与えた場合、さらに狼狽を与える。1シナリオに1回まで使用でき、《海神》の効果中はダメージに+2D6する。,半漁人
DO,半漁人,海の門,なし,1,クリンナップ,自動成功,自身,なし,3,あなたは即座に通常移動が離脱移動を行なう。この時、封鎖の影響を受けない。あなたが使用した《アレナ展開》か《ナワバリ》の効果中は、1ラウンドに1回まで「ダイミング：イニシアチブプロセス」としても使用できる。,半漁人
DO,半漁人,深海の灯火,魔獣,5,マイナー,自動成功,単体,遠隔,3,対象は即座にあなたのエンゲージに移動する。対象の【感情】が[あなたの【感情】+Lv]以下でなければ効果がなく、対象のエンゲージが封鎖されている場合は効果がない。1ラウンドに1回まで使用できる。,半漁人
DO,半漁人,水中潜行,魔獣,1,ムーブ,自動成功,自身,なし,2,そのシーンの間、あなたが行なうドッジの達成値を+2し、ムーブアクションで離脱移動が行なえる。ただし、効果中あなたは飛行状態になれず、《水棲種族》のような水中の影響を無視できる効果を持つキャラクターがいるエンゲージからはこの効果では離脱移動が行えない。,半漁人
DO,半漁人,割れないあぶく,なし,3,マイナー,自動成功,範囲,至近,3,そのシーンの間、対象はGMが水中の影響と判断した不利な効果を受けない。敵に使用した場合、本来の効果の代わりに邪毒(Lv)を与える。,半漁人
DO,半漁人,紅い蝋燭,0、魔法,3,メジャー,自動成功,効果参照,シーン,6,《海神》の効果中、または水中か水上とGMが判断した場所でのみ使用できる。そのシーンの間、シーン内のキャラクターすべてが行なうあらゆる判定の達成値を-Lv、ファンブル値を+2する。水中の影響を無視できる対象には効果がない。,半漁人
熊人 - 人の姿を取ることが出来る熊、ガイアによって選ばれた神の僕をあらわすルーツ(『アドヴェント』にて追加)。,,,,,,,,,,,
AD,熊人,半熊人,自動、魔獣,3,常時,自動成功,自身,なし,0,《魔獣化》中、あなたが行なう白兵攻撃のダメージを+【肉体B】し、あなたの【肉体】と【技術】のA値を+[Lv×2+2]する。あなたの《魔獣化》のコストは+2される。,熊人
AD,熊人,豪腕組み付き,魔獣,1,効果参照,自動成功,単体,至近,3,《ベアハッグ》による攻撃が対象に命中直後に使用。あなたは対象と同調状態になる。この同調状態の間、あなたとは対象は常に、ドミニオンアーツ以外で回復できない狼狽を受けているものとして扱い、対象はクリンナッププロセスのたびに【FP】を【肉体】点失う。対象はムーブアクションを消費してあなたと【肉体】同士の対決に勝つことでのみこの同調状態と狼狽を解除できる。,熊人
AD,熊人,滋養の蜜,魔獣、回復,5,マイナー,自動成功,単体,至近,2,対象【FP】を[【肉体】+(Lv)D6]点回復し、対象がそのシーン中に行なう攻撃のダメージに+[Lv÷2(端数切り上げ)]D6する。,熊人
AD,熊人,止め足の罠,魔獣,1,効果参照,自動成功,単体,至近,4,対象があなたと同じエンゲージに移動した直後に使用する。あなたは隠密状態となる。敵とエンゲージしていても隠密状態になれる。1シーンに1回まで使用でき、飛行状態や乗り物を装備中は使用できない。,熊人
AD,熊人,ベアショック！,魔獣,1,イニシアチブ,自動成功,単体,シーン,3,対象に「恐怖：あなた」を与える。対象はこの恐怖を受けている間、あなたが行なう白兵攻撃から受けるダメージが+【肉体B】される。1ラウンドに1回まで使用できる。,熊人
AD,熊人,ベアハッグ,魔獣、攻撃,3,メジャー,【白兵】,単体,至近,3,対象に素手による白兵攻撃を行なう。この攻撃ダメージに+[【肉体B】+Lv×3]し、この攻撃に対してはガードが行なえない。,熊人
AD,熊人,癒しの月輪,20、回復,3,マイナー,自動成功,シーン,シーン,5,そのシーン中、対象はそれぞれ自身のメインプロセスを終了させるたびに【FP】を「あなたの【肉体】+(Lv)D6]点回復し、BSをLv個まで回復できる。,熊人
AD,熊人,暴威のカブト,純血,3,常時,自動成功,自身,なし,4,あなたは《巨体》をLv3で取得する(すでに取得している場合はLvを+3)。これには経験点は必要ない。《魔獣化》中、あなたが行なう白兵攻撃のダメージに+[Lv+1]D6し、あなたの素手は「対象：範囲」となる。,熊人
魔蜂族 - 魔界の辺境に住まう凶暴な蜂の一族をあらわすルーツ(『アドヴェント』にて追加)。,,,,,,,,,,,
AD,魔蜂族,蜂人種,自動、魔獣,3,常時,自動成功,自身,なし,0,あなたの【社会】を+2、【感情】を-2(最低1)とする。《魔獣化》中、あなたは飛行状態となり、素手および《群れをなすもの》による攻撃で1点でもダメージを与えた対象にさらに邪毒[Lv+2]を与える。あなたの《魔獣化》コストは+2される。,魔蜂族
AD,魔蜂族,ニードルスティング,魔獣,1,判定直後,自動成功,単体,シーン,3,対象が行なった判定の達成値を-3し、邪毒[《蜂人種》のLv+2]を与える。《蜂人種》の効果中、1ラウンドに1回まで使用できる。,魔蜂族
AD,魔蜂族,ハニーボンド,魔獣、回復,5,ムーブ,自動成功,単体,シーン,3,【肉体】があなたの[【社会】+Lv]以下の対象に狼狽を与える。対象が熊人のルーツを持つ場合、上記の前提条件に関係なく狼狽を与えると共に、対象の【FP】を4D6点回復する。,魔蜂族
AD,魔蜂族,ビーレギオン,魔獣,1,効果参照,自動成功,自身,なし,3,「対象：単体」のアーツと同時に使用する。そのアーツを「対象：範囲」に変更する。《群れをなすもの》を取得している場合、さらにそのアーツの効果に+【社会B】する。《蜂人種》の効果中、1ラウンドに1回まで使用できる。,魔蜂族
AD,魔蜂族,フラップビート,魔獣,3,マイナー,自動成功,自身,なし,2,そのメインプロセス中、あなたが行なう攻撃のダメージを+【社会B】する。《群れをなすもの》を取得している場合、さらにその攻撃の命中判定に+[Lv+1]する。飛行状態でのみ使用可能。,魔蜂族
AD,魔蜂族,ワスプカーテン,魔獣、防御,3,DR直後,自動成功,単体,シーン,2,対象が受けるダメージを-[【社会B】+(Lv)D6]する。《群れをなすもの》を取得している場合、この効果は【社会B】の代わりに【社会】となる。1ラウンドに1回まで使用できる。,魔蜂族
AD,魔蜂族,ソウルピアサー,20、魔獣、支援,1,DR直前,自動成功,単体,シーン,3,そのDRで対象が受けるダメージを+[【社会】×3]し、邪毒[《蜂人種》のLv+4]を与える。《蜂人種》の効果中、1シナリオに1回まで使用でき、ダメージの適用後あなたの【FP】は0になる。,魔蜂族
AD,魔蜂族,窩巣の支配者,純血,3,常時,自動成功,自身,なし,4,あなたの【社会】を+[Lv+1]、「1ラウンドに1回まで使用できる」と書かれた魔蜂族のアーツすべての1ラウンド中の使用回数に+[Lv÷2(端数切り上げ)]回し、《魔獣化》中に「種別：軍団」の武器で行なう攻撃ダメージに+【社会】する。,魔蜂族
グレートゴリラ - ガイアの導きによってエゴに目覚めたゴリラをあらわすルーツ(『アドヴェント』にて追加)。,,,,,,,,,,,
AD,グレートゴリラ,超類人猿,自動、魔獣,3,判定直前,自動成功,自身,なし,1,あなたは【社会】による判定を【肉体】で行なえる。1ラウンドにLv回まで使用可能。あなたがグレートゴリラ以外のルーツを持たない場合、さらに《魔獣化》中あなたの素手の攻撃力に+【肉体B】する。,ｸﾞﾚｰﾄｺﾞﾘﾗ
AD,グレートゴリラ,ジャングルの掟,魔獣,3,常時,自動成功,自身,なし,Lv+1,【肉体】が[Lv×2+4]以下のキャラクターおよび「種別：機械」のキャラクターに対して、あなたが白兵攻撃によって与えるダメージを+[Lv×3+3]する。,ｸﾞﾚｰﾄｺﾞﾘﾗ
AD,グレートゴリラ,道具持つ野人,なし,1,常時,自動成功,自身,なし,2,あなたは【技術】を攻撃力の基準とするアイテムを、代わりに【肉体】を基準として攻撃力を算出できる。ダメージ属性は【技術】のままとなる。また、一定以上の【技術】が装備などの条件として設定されているアイテムを、代わりに【肉体】でその条件を代用できる。,ｸﾞﾚｰﾄｺﾞﾘﾗ
AD,グレートゴリラ,ドラミング,魔獣,1,マイナー,自動成功,範囲,至近,4,対象に放心を与える。対象は【FP】を[あなたの【肉体】+5]点失うことで、この効果を無効化できる。,ｸﾞﾚｰﾄｺﾞﾘﾗ
AD,グレートゴリラ,ドンキーフェイク,魔獣,1,イニシアチブ,自動成功,単体,シーン,3,対象に[翻弄：あなた]を与える。この翻弄を受けている間、対象はあなたが行なう攻撃から受けるダメージが+【肉体B】される。,ｸﾞﾚｰﾄｺﾞﾘﾗ
AD,グレートゴリラ,メガトンパンチ,魔獣、攻撃,1,メジャー,【白兵】,単体,武器,3,対象に素手による白兵攻撃を行なう。この攻撃の命中判定に-2、ダメージに+【肉体】し、1点でもダメージを与えた場合、対象に強制的に離脱移動を行なわせる。移動先はあなたが決定する。,ｸﾞﾚｰﾄｺﾞﾘﾗ
AD,グレートゴリラ,怒りのメガトンパンチ,20、魔獣,1,マイナー,自動成功,自身,なし,8,そのメインプロセス中、あなたが使用する《メガトンパンチ》のダメージに+[【肉体】×3]し、攻撃の対象はガードを行なえない。1シーン1回まで使用できる。,ｸﾞﾚｰﾄｺﾞﾘﾗ
AD,グレートゴリラ,大自然の王者,純血,3,常時,自動成功,自身,なし,4,あなたは《超類人猿》をあらゆる判定に使用できる。また、あなたの【肉体】を+Lv、FP最大値を+[Lv×10]する。,ｸﾞﾚｰﾄｺﾞﾘﾗ
ケンタウロス - 半人半馬の偉大なる亜人種族。弓矢による狩りを好み、医学や芸術にも明るい。(『アドヴェント』にて追加)。,,,,,,,,,,,
AD,ケンタウロス,人馬種族,自動、魔獣,5,常時,自動成功,自身,なし,0,《魔獣化》中、あなたが行なうドッジの達成値を+[Lv+1]し、あなたはムーブアクションで離脱移動が行なえる。これらの効果は、あなたが飛行状態や乗り物を装備している間は失われる。あなたの《魔獣化》のコストは+1される。,ｹﾝﾀｳﾛｽ
AD,ケンタウロス,ケイローンの医術,回復、魔法,5,マイナー,自動成功,単体,至近,2,対象の【FP】を[【感情】+(Lv)D6]点回復し、BSひとつを回復する。対象はそのシナリオ中、[あなたの【感情B】]以下の邪毒を受けない。,ｹﾝﾀｳﾛｽ
AD,ケンタウロス,人騎連携,魔獣、支援,3,DR直前,自動成功,単体,至近,2,あなたと同調状態のキャラクターがいる間のみ使用でき、その対象またはあなた自身のみ対象にできる。対象が行なうDRに+[【感情B】+(Lv)D6]する。,ｹﾝﾀｳﾛｽ
AD,ケンタウロス,背中の絆,魔獣,3,効果参照,自動成功,単体,至近,3,あなたが移動を行なう直前に使用する。同意した対象はあなたと同調状態になる。移動の終了と同時に、同調状態を解除してもよい。この同調状態の間、対象が行なう攻撃のダメージに+[Lv×3]する。,ｹﾝﾀｳﾛｽ
AD,ケンタウロス,草原の魔弓,なし,1,効果参照,自動成功,自身,なし,3,「種別：支援」「種別：回復」「種別：魔法」のアーツと同時に使用する。その効果を+【感情B】し、射程をシーンに変更する。ダメージの基準が【肉体】または【加護】の射撃武器を装備中のみ使用できる。,ｹﾝﾀｳﾛｽ
AD,ケンタウロス,天性の狩人,魔獣,3,マイナー,自動成功,自身,なし,3,そのメインプロセス中、あなたが行なう射撃攻撃のダメージに+【感情B】する。そのプロセス中に移動を行なっている場合、さらにその命中判定に+[Lv+1]する。このアーツを取得した場合、あなたは《駆け抜けるもの》の効果で射撃攻撃を行なえるようになる。判定値は【射撃値】となる。,ｹﾝﾀｳﾛｽ
AD,ケンタウロス,人騎一体,20、魔獣,3,判定直後,自動成功,単体,至近,愛,あなたと同調状態のキャラクターがいる間のみ使用でき、そのキャラクターまたはあなた自身のみ対象にできる。対象が行なった判定をクリティカルに変更する。1シナリオにLv回。1シーンに1回まで使用できる。,ｹﾝﾀｳﾛｽ
AD,ケンタウロス,サジタリウスの矢,純血、攻撃,3,メジャー,【射撃】,単体,武器,7,対象に射撃攻撃を行なう。この攻撃ダメージに+【感情】し、対象はドッジを行なえない。あなたの人間性が0以下なら、さらにダメージに+10する。《人馬種族》の効果中、1シナリオにLv回まで使用できる。,ｹﾝﾀｳﾛｽ
天狗 - 山を住み処とする羽根持つ種族。(『アドヴェント』にて追加)。,,,,,,,,,,,
AD,天狗,烏天狗,選択、魔獣,5,常時,自動成功,自身,なし,0,《魔獣化》中、あなたは飛行状態となり、飛行状態の間に行なう射撃攻撃の命中判定と射撃攻撃に対するドッジの達成値に+Lvする。あなたの《魔獣化》コストは+1される。,天狗
AD,天狗,白狼天狗,選択、魔獣,5,常時,自動成功,自身,なし,0,《魔獣化》中、あなたは飛行状態となり、飛行状態の間に行なう白兵攻撃の命中判定と白兵攻撃に対するドッジの達成値に+Lvする。あなたの《魔獣化》コストは+1される。,天狗
AD,天狗,鼻高天狗,選択、魔獣,5,常時,自動成功,自身,なし,0,《魔獣化》中、あなたは飛行状態となり、【社会】が+[Lv+1]される。また、プリプレイであなたの財産点を+[Lv+1]する。あなたの《魔獣化》のコストは+Lvされる。,天狗
AD,天狗,天狗礫,魔獣、支援,3,DR直前,自動成功,単体,シーン,3,対象のDRに+[(Lv)D6+取得しているアーツに応じた以下の数値ひとつ]し、1点でもダメージを与えた場合さらに狼狽を与える。1ラウンドに1回まで使用できる。《烏天狗》：【感情B】　《白狼天狗》：【肉体B】　《鼻高天狗》：【社会B】,天狗
AD,天狗,天狗の羽団扇,魔獣、ア,5,常時,自動成功,自身,なし,3,《魔獣化》中、あなたは以下の射撃武器を装備する。マイナーアクションと人間性2点消費でそのメインプロセス中「対象：範囲」となる。　種別：武器(射撃/魔法)　命中：0　G値：5　攻撃力：(【感情】+Lv×3)+1D6　行動値：+2　射程：シーン,天狗
AD,天狗,飛天疾風,魔獣,5,効果参照,自動成功,自身,なし,2,あなたが飛行状態で移動を行なうか、飛行状態でドッジに成功した直後に使用する。そのラウンドの間、あなたが行なう攻撃ダメージを+1D6する。複数回使用した場合、効果はLv回まで重複する。Lv3以上で取得している場合、このアーツの効果はシーン中持続するようになる。,天狗
AD,天狗,天魔幻翔,20、魔獣、攻撃,3,メジャー,【白兵】【射撃】,効果参照,効果参照,7,シーン内のエンゲージ最大[Lv+1]個にいる任意のキャラクター全てを対象に、武器の射程を無視して白兵攻撃か射撃攻撃を行なう。このダメージに+10し、攻撃の直前にあなたは即座に通常移動か離脱移動を行なってもよい。飛行状態の間、1シーンに1回まで使用できる。,天狗
AD,天狗,大魔縁,純血、魔獣,5,常時,自動成功,自身,なし,4,《魔獣化》中、取得しているアーツに応じた以下の効果を得る。《烏天狗》：【感情】属性ダメージ+【感情】、【行動値】+[Lv3]　《白狼天狗》：【肉体】属性ダメージ+【肉体】、A値すべて+[Lv×2]　《鼻高天狗》：【社会】属性ダメージ+【社会】、【FP】とFP最大値+[Lv×8],天狗
ワースネーク - 世界各地の神話にその面影を残す半蛇人を表すルーツ(『アドヴェント』にて追加)。,,,,,,,,,,,
AD,ワースネーク,スネークボディ,自動、魔獣,1,常時,自動成功,自身,なし,0,《魔獣化》中、あなたの【行動値】を+【肉体B】し、あなたは狼狽を受けない。これらの効果は、あなたが飛行状態や乗り物を装備している間は失われる。あなたの《魔獣化》コストは+1される。,ﾜｰｽﾈｰｸ
AD,ワースネーク,オロチ変化,魔獣,3,解放状態,自動成功,自身,なし,5,そのシーン中あなたは「種別：巨大」となり、【肉体】に+[Lv+1](【FP】は変化しない)、FP最大値と【FP】に+[Lv×10+10]、素手のダメージに+【肉体B】、【回避値】に-3(最低1)し、効果中あなたが受けた放心はシーン中回復しない。《スネークボディ》の効果中のみ使用できる。,ﾜｰｽﾈｰｸ
AD,ワースネーク,絡み付く蛇体,魔獣、攻撃,1,メジャー,【白兵】,単体,至近,5,対象に素手による白兵攻撃を行なう。この攻撃が命中した場合、あなたは対象と同調状態になる。この同調状態の間、あなたと対象は常に、ドミニオンアーツ以外で回復できない束縛を受けているものとして扱う。対象はムーブアクションを消費して【FP】を[あなたの【肉体】+5]点失うことでのみ、この同調状態と束縛を解除できる。,ﾜｰｽﾈｰｸ
AD,ワースネーク,蛇体滑走,魔獣,1,イニシアチブ,自動成功,自身,なし,2,あなたは通常移動か離脱移動を行なう。《スネークボディ》の効果中、1ラウンドに1回まで使用できる。,ﾜｰｽﾈｰｸ
AD,ワースネーク,血をすする牙,魔獣、回復,3,DR直後,自動成功,自身,なし,3,そのDRで1点でもダメージを与えた場合、あなたの【FP】を[【感情】+(Lv)D6]点回復する。このアーツを取得した場合、あなたはヴァンパイアのアーツ《魅了の瞳》と夢蝕みのアーツ《メドゥーサの呪い》を。ワースネークのアーツとして取得できるようになる。,ﾜｰｽﾈｰｸ
AD,ワースネーク,蛇神の呪力,魔獣,3,効果参照,自動成功,自身,なし,2,「種別：魔法」のアーツまたは武器と同時に使用する。その効果および与えるダメージに+【感情B】する。このアーツを取得した場合、《スネークボディ》の効果中あなたの素手は「種別：魔法」となり、1点でもダメージを与えた対象に邪毒[Lv+2]を与える。,ﾜｰｽﾈｰｸ
AD,ワースネーク,丸呑み,20、魔獣,3,メジャー,【肉体】+Lv,単体,至近,罪,束縛を受けている対象にのみ使用可能。対象の【肉体】と対決し、あなたが勝利すると対象の【FP】を0にする。対象は愛か罪1点、またはドミニオンアーツ(災厄級は除く)の使用回数を1回分消費すればこの効果を受けない。《スネークボディ》の効果中1シーンに1回まで使用でき、対象は単体から変更できない。,ﾜｰｽﾈｰｸ
AD,ワースネーク,蛇身新生,純血、回復,1,効果参照,自動成功,自身,なし,愛,罪の効果「◆復活」か「◆回復」があなたに適用された直後に使用する。あなたの【FP】を完全に回復し、そのシナリオ中あらゆる判定の達成値に+2。1シナリオに1回まで使用でき、このアーツはあなたがヴァンパイアのルーツまたは夢蝕みとのマルチブラッドでも特別に取得できる。,ﾜｰｽﾈｰｸ
デスシャーク,,,,,,,,,,,
GF205,デスシャーク,恐怖の背ビレ,魔獣、自動,1,セットアップ,自動成功,自身,なし,2,あなたは背ビレ状態(P93参照)となる。シーン登場時に即座に《魔獣化》すると共にこのアーツを使用してもよい。このアーツを取得した場合、あなたは《魔獣化》中常にGMが水中の効果と判断した影響を受けず、素手のダメージに+1D6し、素手と「種別：魔法」「種別：軍団」を除く武器を使用できない。,ﾃﾞｽｼｬｰｸ
GF205,デスシャーク,異形の捕食者,魔獣,3,マイナー,自動成功,自身,なし,2,取得時に「攻撃対象を[Lv+1]体に変更」か「命中判定に+[Lv+1]し、1点でもダメージを与えた場合束縛を与える」のいずれかを選択する。そのメインプロセス中にあなたが行なう、素手による白兵攻撃に選択した効果を与える,ﾃﾞｽｼｬｰｸ
GF205,デスシャーク,シャークインザスカイ,魔獣,1,ムーブ,自動成功,自身,なし,3,あなたは飛行状態として通常移動か離脱移動を行なう。そのメインプロセス中、あなたが素手で行なう攻撃のダメージに+【回避値】し、飛行状態の攻撃対象には与えるダメージがさらに+1D6される。,ﾃﾞｽｼｬｰｸ
GF205,デスシャーク,ジョーズアタック！,攻撃、魔獣,1,メジャー,【白兵】,単体,至近,3,対象に素手による白兵攻撃を行なう。この攻撃ダメージに+【肉体】する。背ビレ状態で使用した場合、攻撃の対象はガードを行えず、その攻撃で最低1体の攻撃対象の【FP】を0にした場合、攻撃後に即座に背ビレ状態になってもよい。,ﾃﾞｽｼｬｰｸ
GF205,デスシャーク,迫る死のアギト,魔獣,3,効果参照,自動成功,単体,シーン,2,あなたが素手による白兵攻撃で誰かの【FP】を0にした直後、または背ビレ状態で移動を行なった直後に使用する。対象に[恐怖：あなた]を与える。1ラウンドLv回使用でき、この恐怖を受けている者が攻撃から受けるダメージを+1D6する。,ﾃﾞｽｼｬｰｸ
GF205,デスシャーク,メガサイズシャーク,魔獣,5,常時,自動成功,自身,なし,2,あなたは《魔獣化》中「種別：巨大」となり素手ひとつのダメージが+5、【行動値】が-3（最低1）される。あなたがデスシャーク以外のルーツを持たない場合、さらに【FP】最大値が+[Lv×5+10]される。,ﾃﾞｽｼｬｰｸ
GF205,デスシャーク,シャークトルネード,20、攻撃、魔獣,1,メジャー,【白兵】,効果参照,効果参照,5,あなたは即座に飛行状態で通常移動か離脱移動を行い、移動前と移動後のエンゲージにいる任意の対象全てに、射程を無視して素手による白兵攻撃を行なう。この攻撃のダメージに+5D6する。1シーン1回。,ﾃﾞｽｼｬｰｸ
GF205,デスシャーク,だが、もう一匹……！,純血、魔獣,1,効果参照,自動成功,自身,なし,愛,あなたがかりそめの死となった直後に使用する。あなたはシーンから退場し、以後任意のイニシアチブプロセスに宣言することでシーン内の望む場所にかりそめの死と【FP】を完全に回復した状態で登場する（この時人間性は低下しない）。1シナリオ1回。（退場時に行動済みなら行動済み、未行動や次ラウンド以降の登場なら未行動での登場となる。また1シーン1回までなどのアーツやアイテムの使用回数、罪の取得制限数などは再び登場しても回復しない。）,ﾃﾞｽｼｬｰｸ
巨人,,,,,,,,,,,
GF213,巨人,巨いなる蹂躙者,魔獣、自動,5,常時,自動成功,自身,なし,2,あなたは《巨体》をLv1で取得する(すでに取得している場合はLv+1)。《魔獣化》中、あなたが行なう白兵攻撃でクラードの対象、および「種別：巨大」でなく飛行状態でもない対象に与えるダメージを+(Lv)D6する。,巨人
GF213,巨人,エレメンタルジャイアント,魔獣,5,常時,自動成功,自身,なし,2,《魔獣化》中、あなたが与える<肉体>と<感情>属性のダメージ及びあなたのその属性のA値を+[Lv×2+1]する。また、あなたが行なう白兵攻撃のダメージ属性を<感情>に変更してもよい。,巨人
GF213,巨人,ギガントグラップル,魔獣,3,クリンナップ,自動成功,単体,至近,3,あなたと同調状態のキャラクターのみ対象にできる。対象の【FP】を[Lv×5+5]点失わせ、さらに対象が「種別：巨大」でなければ同調状態を解除して強制的に離脱移動を行わせる(移動先はあなたが決定)。,巨人
GF213,巨人,大地激震,魔獣,1,マイナー,自動成功,範囲,至近,3,飛行状態でなく、【肉体】が[あなたの【肉体】+《巨体》のLv]以下の対象に狼狽を与える。対象が既に狼狽を受けている場合【FP】を[あなたの【肉体】]点失わせる。,巨人
GF213,巨人,天を舞う巨身,魔獣,1,ムーブ,自動成功,自身,なし,2,あなたは通常移動か離脱移動を行なう。このメインプロセス中、あなたは飛行状態として扱われ、白兵攻撃のダメージが+【肉体B】される。また、飛行状態の対象相手でも《巨いなる蹂躙者》と《大地激震》の効果を適用できる。,巨人
GF213,巨人,捕獲する巨腕,魔獣、攻撃,1,メジャー,【白兵】,単体,至近,3,対象に既による白兵攻撃を行なう。この攻撃が命中した場合、対象はあなたと同調状態になり、同調状態の間に対象が行なうあらゆる判定の達成値に-2。対象はムーブアクションを消費してあなたと【肉体】同士の対決に勝つことでのみこの同調状態を解除できる。,巨人
GF213,巨人,始原の再生者,20、魔獣,1,効果参照,自動成功,自身,なし,愛,あなたが攻撃を行なう直前に使用する。その攻撃ではダメージを適用する代わりに、最終的なダメージと同点の【FP】を回復させてもよい(その場合、攻撃対象はリアクションを放棄可能)。解放状態でも【FP】を回復でき、攻撃の対象ごとに本来のダメージを与えるか回復するかを、攻撃前にあなたが選択する。,巨人
GF213,巨人,文明の破壊者,純血、魔獣,1,効果参照,自動成功,自身,なし,罪,《大地激震》と同時に使用する。その対象と射程、およびそのメインプロセス中に行なう白兵攻撃の対象と射程をシーンに変更する。1シーン1回。,巨人
