,ルーツ,装備名,種別,命中,攻撃力,G値,ドッジ,A値,行動値,射程,購入,効果,
共通武器,,,,,,,,,,,,,
,共通武器,素手,武器(白兵),0,【肉体】+1D6,3,,,0,至近,-/0,パンチやキックなど。,
,共通武器,白兵武器(小型),武器(白兵/射撃),1,(【肉体】+1)+1D6,2,,,0,至近/遠隔,9/1,投擲した場合は【射撃値】で判定する。,
,共通武器,白兵武器(中型),武器(白兵/射撃),0,(【肉体】+2)+1D6,4,,,0,至近/遠隔,12/4,投擲した場合は【射撃値】で判定する。,
,共通武器,白兵武器(大型),武器(白兵/射撃),-1,【肉体】+2D6,6,,,-1,至近/遠隔,15/7,投擲した場合は【射撃値】で判定する。,
,共通武器,銘刀,武器(白兵),0,(【技術】+4)+1D6,5,,,0,至近,-/15,この武器を魔器に指定した場合、ダメージに+1D6する。,
,共通武器,人外の武器,武器(白兵),-1,(【肉体】+6)+1D6,4,,,-2,至近,18/10,装備には【肉体】が7以上必要。,
,共通武器,拳銃,武器(射撃),0,(【技術】+1)+1D6,1,,,0,シーン,12/3,-,
,共通武器,大型拳銃,武器(射撃),0,(【技術】+2)+1D6,2,,,0,シーン,15/6,装備には【肉体】が6以上必要。,
,共通武器,機関銃,武器(射撃),0,(【技術】+3)+1D6,2,,,-4,遠隔,20/10,マイナーアクション：メインプロセス中この武器を「対象：範囲」に変更できる。,
,共通武器,散弾銃,武器(射撃),0,【技術】+2D6,2,,,-1,至近,18/8,マイナーアクション：メインプロセス中この武器を「対象：範囲」に変更できる。,
,共通武器,狙撃銃,武器(射撃),-1,(【技術】+4)+1D6,2,,,-3,遠隔,19/9,マイナーアクション：メインプロセス中この武器による命中判定の達成値に+2できる。,
,共通武器,ガトリングガン,武器(射撃),0,(【技術】+1)+2D6,3,,,-3,遠隔,24/15,装備には【肉体】が7以上必要。マイナーアクション：メインプロセス中この武器を「対象：範囲」に変更できる。,
,共通武器,弓矢,武器(射撃),0,(【肉体】+3)+1D6,1,,,-1,遠隔,14/7,【加護】が7以上のキャラクターは、この武器のダメージ基準と属性を【加護】としても装備できる。,
,共通武器,シールド,武器(白兵),0,(【肉体】+2)+1D6,6,,,-3,至近,12/5,-,
,共通武器,ワイヤー,武器(白兵),0,(【技術】+5)+1D6,3,,,0,シーン,22/12,装備には【技術】が7以上必要。,
,共通武器,爆発物,武器(射撃),1,(【技術】+2)+2D6,0,,,-4,遠隔,21/10,この武器は「対象：範囲」であり、1シナリオ1回まで使用できる。,
,共通武器,アイスフロスト,武器(射撃/魔法),1,(【感情】+1)+1D6,5,,,-2,シーン,-/5,装備には【感情】が6以上必要。「種別：亜人」「種別：巨大」を持つ対象にはダメージが+5される。,
,共通武器,ソニックウェイブ,武器(射撃/魔法),0,(【感情】+2)+1D6,2,,,0,遠隔,-/6,装備には【感情】が7以上必要。飛行状態の対象にはダメージが+5される。,
,共通武器,ライトニングボルト,武器(射撃/魔法),0,(【感情】+3)+1D6,4,,,-4,シーン,-/10,装備には【感情】が7以上必要。「種別：機械」「種別：来訪」を持つ対象にはダメージが+5される。,
,共通武器,バーンフレイム,武器(射撃/魔法),0,(【感情】+4)+1D6,6,,,-2,遠隔,-/9,装備には【感情】が7以上必要。クラードと「種別：軍団」の武器を装備した対象にはダメージが+5される。,
,共通武器,フォースフィールド,武器(射撃/魔法),0,(【感情】+3)+1D6,7,,,-2,至近,-/8,装備には【感情】が7以上必要。【感情】属性のダメージに対しては、G値が+5される。,
,共通武器,ダークネスフレア,武器(射撃/魔法),1,(【感情】+5)+1D6,5,,,-6,遠隔,-/14,装備には【感情】が7以上必要。「種別：神聖」「種別：概念」を持つ対象にはダメージが+5される。,
,共通武器,シャイニングレイ,武器(射撃/魔法),0,(【加護】+4)+1D6,3,,,-1,シーン,-/15,装備には【加護】が7以上必要。「種別：吸血」「種別：魔界」を持つ対象にはダメージが+5される。,
DE,共通武器,バスターパイル,武器(白兵),-1,(【肉体】+3)+2D6,3,,,-3,至近,-/18,この武器を《聖別霊装》に指定した場合、ダメージをさらに+2する。この武器の命中判定でクリティカルした場合、ダメージに+1D6。,
DE,共通武器,アンチマテリアルライフル,武器(射撃),-2,(【技術】+4)+2D6,2,,,-4,遠隔,27/15,【肉体】が7以上なければ、装備中はムーブアクションが行えない。,
DE,共通武器,ワンオブサウザンド,武器(射撃),0,(【技術】+5)+1D6,1,,,0,シーン,-/15,この武器を魔器に指定した場合、命中判定に+1する。,
DE,共通武器,儀式魔法,武器(射撃/魔法),-2,(【感情】+7)+2D6,0,,,-4,シーン,-/18,装備には【感情】が8以上必要。この武器は待機を宣言したラウンド中にしか使用できない。,
DE,共通武器,プレッシャー,武器(射撃),0,(【社会】+4)+1D6,0,,,0,シーン,-/5,装備には【社会】が6以上必要。クラードが対象の場合、与えるダメージに+3し、さらに重圧を与える。,
DO,共通武器,ビーストキラー,武器(白兵),-1,【肉体】+3D6,2,,,-2,至近,-/15,この武器を《聖別霊装》に指定した場合、「射程：シーン」となる。,
DO,共通武器,バルザイの偃月刀,武器(白兵/魔法),0,(【感情】+3)+1D6,4,,,-1,至近,-/12,装備中、「種別：魔法」のアーツによる攻撃のダメージ+2。【感情】が7以上の場合、「射程：シーン」としても使用できる。,
DO,共通武器,気弾,武器(射撃),-1,効果参照,4,,,-2,遠隔,-/10,この武器の攻撃力は、装備者の素手ひとつと同じとなる。1ラウンド1回。,
DO,共通武器,セラエノ断章,武器(射撃/魔法),0,(【加護】+3)+1D6,5,,,-2,シーン,-/14,装備には【感情】か【加護】が7以上必要。「種別：邪神」を持つ対象にはダメージが+5される。,
DO,共通武器,無名祭祀書,武器(射撃/魔法),-1,(【感情】+1)+4D6,2,,,-4,遠隔,-/22,この武器による攻撃を行なうたび、あなたは攻撃後に【FP】を3D6点失う。,
DO,共通武器,妖蛆の秘密,武器(射撃/魔法),0,(【感情】+7)+1D6,2,,,-3,遠隔,-/18,この武器による攻撃を行なうたび、人間性を1D6点失う。,
DO,共通武器,ナコト写本,武器(射撃/魔法),0,(【感情】+4)+2D6,3,,,-2,シーン,-/25,装備中、特殊攻撃のダメージを+5し、この武器による攻撃か特殊攻撃を行なうたびに1D6点の人間性を失う。,
DO,共通武器,ネクロノミコン,武器(射撃/魔法),0,(【感情】+5)+1D6,5,,,-2,シーン,-/20,装備中「種別：魔法」のアーツの効果に+2し、そのアーツを使うたび人間性を1D6点(この武器を魔器に指定した場合は2点)失う。,
AD,共通武器,大型工具,武器(白兵),0,(【肉体】+3)+1D6,3,,,0,至近,13/4,《奇怪な業物》に指定するか《コズミックマーシャルアーツ》に使用した場合、ダメージの基準と属性を【感情】に変更しダメージに+1D6する。,
AD,共通武器,カウンタースタイル,武器(白兵),0,【肉体】+1D6,5,,,-3,至近,-/10,素手として扱う。待機したラウンドまたは《猛獣の反撃》にこの武器を使用した場合、ダメージに+1D6。,
AD,共通武器,スピリットスタイル,武器(白兵),0,(【肉体】+2)+1D6,4,,,-2,至近,-/10,素手として扱う。ダメージの基準と属性を【感情】としても購入可能。装備中《砕けぬ肉体》の効果に+1D6。,
AD,共通武器,ダーティスタイル,武器(白兵),0,(【社会】+2)+1D6,3,,,-2,至近,-/10,素手として扱う。攻撃の直前に財産点を1点消費することで、この武器のダメージに+1D6。,
AD,共通武器,テクニカルスタイル,武器(白兵),0,(【技術】+2)+1D6,3,,,-1,至近,-/10,素手として扱う。移動を行なったラウンドにこの武器を使用した場合、ダメージに+1D6。,
AD,共通武器,パワースタイル,武器(白兵),-1,(【肉体】+4)+1D6,4,,,-2,至近,-/10,素手として扱う。この攻撃に対してはG値を-【肉体B】(最低0)して扱う。,
AD,共通武器,業物：短刀,武器(白兵),1,(【技術】+1)+1D6,2,,,0,至近,-/5,この武器を魔器に指定した場合、命中判定でクリティカルした際のダメージに+3D6する。,
AD,共通武器,業物：脇差,武器(白兵),0,(【技術】+3)+1D6,4,,,0,至近,-/10,この武器を魔器に指定した場合、行動値に+2、命中判定でクリティカルした際のダメージに+2D6する。,
AD,共通武器,業物：打刀,武器(白兵),0,(【技術】+4)+1D6,5,,,0,至近,-/15,この武器を魔器に指定した場合、攻撃力と命中に+2。,
AD,共通武器,業物：太刀,武器(白兵),0,(【肉体】+6)+1D6,5,,,-1,至近,-/18,この武器を魔器に指定した場合、攻撃力に+1D6する。,
AD,共通武器,業物：大太刀,武器(白兵),-1,(【肉体】+4)+2D6,6,,,-3,至近,-/25,この武器を魔器に指定した場合、攻撃力に+3し、攻撃の直前に人間性を2点失う事で「対象：範囲」に変更可能。,
AD,共通武器,業物：槍,武器(白兵),0,(【技術】+6)+1D6,4,,,0,至近,-/18,この武器を魔器に指定した場合、行動値に+2し、攻撃の直前に人間性を2点失う事で「対象：2体」に変更可能。,
AD,共通武器,業物：薙刀,武器(白兵),0,(【技術】+3)+2D6,5,,,-1,至近,-/20,この武器を魔器に指定した場合、「対象：範囲」となる。,
AD,共通武器,スーサイドフォース,武器(白兵/魔法),1,(【感情】+6)+1D6,0,,,-2,至近,-/12,装備には【感情】が7以上必要。使用時、【FP】を1D6点失う。この武器による攻撃がクリティカルした場合、ダメージに+1D6。,
AD,共通武器,スプラッシュランチャー,武器(射撃),0,(【感情】+4)+1D6,0,,,-1,シーン,-/10,半魚人のルーツを持つ者のみ装備可能。《ナワバリ》をイニシアチブプロセスに使用でき、使用したエンゲージからあなたはムーブアクションで離脱可能。,
AD,共通武器,気弾：斬貫型,武器(射撃),-2,効果参照,3,,,-2,遠隔,-/15,この武器の攻撃力は装備者の素手一つと同じとなる。攻撃対象のG値を-5(最低0)して扱う。1シーン1回。,
AD,共通武器,キリングトラップ,武器(射撃),0,【技術】+2D6,0,,,-2,遠隔,24/12,この武器は「対象：範囲」となり、1シナリオ1回まで使用できる。待機したラウンド中にはダメージが+6され「射程：至近」としても使用可能。,
AD,共通武器,水神クタアト,武器(射撃/魔法),0,(【感情】+5)+1D6,4,,,-4,遠隔,-/18,シーン内に水場が存在する場合(GMが判断)、この武器による攻撃のダメージに+5。この武器による攻撃を行なうたび1D6点の人間性を失う。,
AD,共通武器,トライバルボウ,武器(射撃),1,(【肉体】+2)+2D6,1,,,-2,遠隔,-/12,ネイバーのルーツを持つ者のみ装備可能。攻撃の直前に宣言することで、そのダメージの属性を【感情】に変更してもよい。,
AD,共通武器,ラッキーストライク,武器(射撃),0,(【加護】+3)+1D6,4,,,0,シーン,-/7,装備には【加護】が6以上必要。Dアーツを持つ対象には、与えるダメージが-10(最低1)される。,(フレーバーテキスト：偶然の助けや、意識的ないし無意識の運命干渉で敵を自滅させる攻撃手段。性質上ドミネーターには効果が薄い）
R5,共通武器,血闘魔拳,武器(白兵),1,【技術】+2D6,4,,,-2,至近,-/12,凄皇流、ブラックコート、魔狩人のいずれかのルーツを持つ者のみ装備可能。素手として扱う。この武器で「種別：吸血」を持つ者に与えるダメージに+1D6。,
R5,共通武器,血戦武刃,武器(白兵),0,(【技術】+5)+1D6,6,,,-1,至近,-/15,凄皇流のルーツを持つ者のみ取得でき、《魔獣化》中のみ使用可能。この武器で「種別：吸血」を持つ者に与えるダメージと、そのものの攻撃に対するこの武器のG値+3。,
R5,共通武器,血斬縛糸,武器(白兵),-1,(【技術】+3)+1D6,3,,,0,至近,-/20,凄皇流のルーツを持つ者のみ取得でき、《魔獣化》中のみ使用可能。この武器を装備中にあなたが「種別：吸血」を持つ者に与えたBSが回復した場合、その者は即座に5点の【FP】を失う。,
R5,共通武器,"拠点防衛砲""アトレイデスⅡ""",武器(射撃),-1,(【技術】+8)+2D6,2,,,-6,遠隔,-/30,ブラックコートのルーツを持つ者のみ装備可能。この武器による攻撃の対象は範囲となり、装備中は移動できない。,
R5,共通武器,灼滅布,武器(白兵/魔法),0,(【加護】+4)+1D6,5,,,0,至近,-/15,風水師、退魔僧、魔狩人のいずれかのルーツを持つ者のみ装備可能。この武器で「種別：吸血」を持つ者に1点でもダメージを与えた場合、さらに束縛を与える。,
GF235,共通武器,ショッククロウ,武器(白兵),0,(【技術】+4)+1D6,4,,,0,至近,-/10,この武器による命中判定でクリティカルして命中した場合、攻撃の対象に放心を与える。,
GF235,共通武器,アダマスシールド,武器(白兵),0,(【肉体】+5)+1D6,8,,,-1,至近,-/15,使用者の【肉体】が8以上なら「射程：遠隔」としても使用可能。,
GF235,共通武器,エナジーキャノン,武器(射撃),-1,(【技術】+6)+1D6,0,,,-3,遠隔,-/10,この武器は範囲を対象とし、命中判定でファンブルした場合、以降シーン中使用できなくなる。,
「種別：錬金」のアイテムは取得や使用に《工房錬金術師》が必要。,,,,,,,,,,,,,
GF215,共通武器,アームドゴーレム,武器(白兵/錬金),-1,(【感情】+2)+2D6,6,,,-2,シーン,-/15,この武器は「対象：範囲」となる。取得時に種別に「軍団」を追加することもでき、その場合ダメージの基準と属性が【社会】となる。,
GF215,共通武器,ウロボロスの魔杖,武器(白兵/錬金),0,(【感情】+2)+1D6,4,,,-1,至近,-/15,装備中に使用する「種別：魔法」の武器のダメージに+1D6。,
GF215,共通武器,万能水銀(オムニ・マーキュリー),武器(射撃/錬金),1,(【感情】+4)+1D6,8,,,0,至近,-/15,装備中、あなたが使用する「種別：支援」と「種別：防御」のアーツの効果に+2。,
GF215,共通武器,コンバットドローン,武器(射撃),0,【技術】+2D6,2,,,-1,シーン,-/10,取得には《コンバットメイジ》が必要。この武器によるその戦闘で最初の攻撃は命中判定に+2、ダメージに+1D6され、攻撃中あなたは隠密状態として扱われる。,
GF215,共通武器,フルカスタムSA(シングルアクション),武器(射撃),0,(【技術】+5)+1D6,1,,,-1,遠隔,-/10,取得には《コンバットメイジ》が必要。《身体強化》の効果中、この武器による攻撃のダメージ+1D6。,
「種別：死霊」のアイテムは取得や使用に《ネクロマンサー》が必要。,,,,,,,,,,,,,
GF216,共通武器,屍龍の吐息袋,武器(射撃/死霊),0,(【技術】+10)+2D6,0,,,0,シーン,-/12,範囲を対象とする。1シナリオ1回。待機を宣言したラウンド中のみ使用可能。,
GF216,共通武器,屍獣の毒牙,武器(白兵/死霊),1,(【技術】+3)+1D6,3,,,0,至近,-/8,この武器で1点でもダメージを与えた場合、邪毒4を与える。この邪毒を受けている者は、あらゆる判定の達成値に-2。,
「種別：夢」のアイテムは《夢界現出》の効果中のみしか装備や使用ができない。,,,,,,,,,,,,,
GF221,共通武器,ドリームブレイド,武器(白兵/夢),0,(【感情】+2)+2D6,5,,,-1,至近,-/7,ドミニオンまたはアレナの中では、この武器の命中は+2される。,
GF221,共通武器,ドリームシューター,武器(射撃/夢),0,(【感情】+4)+1D6,2,,,-2,遠隔,-/8,ドミニオンまたはアレナの中では、この武器は「射程：シーン」「対象：範囲」となる。,
共通防具,,,,,,,,,,,,,
,共通防具,強化服,防具,,,,0,1,0,,8/1,-,
,共通防具,強甲外皮,防具,,,,0,4,0,,-/4,《魔獣化》中のみ有効。,
,共通防具,軽装防具,防具,,,,-1,3,-1,,10/3,-,
,共通防具,重装防具,防具,,,,-2,5,-2,,12/5,-,
,共通防具,呪衣,防具,,,,0,3,0,,15/5,装備には【感情】か【加護】が6以上必要。,
DE,共通防具,ビーストオーラ,防具,,,,0,2,0,,-/6,装備中【FP】+6。,
DE,共通防具,コスチュームスタイル,防具,,,,-1,3,0,,18/7,《魔獣化》と同時に装備可能。<社会>ダメージに対してはA値+2。,
DE,共通防具,重装外皮,防具,,,,-1,6,-2,,-/10,《魔獣化》中のみ有効。,
DE,共通防具,アンチマジックコート,防具,,,,0,3,-1,,-/12,<感情><加護>ダメージに対してはA値+4。,
DE,共通防具,スニーキングスーツ,防具,,,,0,2,1,,-/15,あなたが隠密状態で行なうあらゆる判定の達成値に+1。,
DO,共通防具,電子の鎧,防具,,,,0,5,0,,-/8,あなたが行なう【技術】判定の達成値に+1。電脳魔術師のルーツを持つか、【技術】8以上で「種別：概念」を持つキャラクタのみ装備可能。,
DO,共通防具,着ぐるみアーマー,防具,,,,-2,6,-4,,-/18,装備している間、装備している武器のG値を+2する。,
AD,共通防具,究極の衣装,防具,,,,1,1,2,,-/15,装備すると迫害状態となり、あなたの攻撃がクリティカルで命中した対象に放心または[翻弄：あなた]を与える(命中時にあなたが選択)。,
AD,共通防具,ステージコスチューム,防具,,,,0,1,0,,25/10,アイドルのルーツを持つ者が装備中、【FP】最大値を+【社会】する。,
AD,共通防具,トライバルタトゥー,防具,,,,0,2,0,,-/10,装備中【FP】+8。ネイバーのブラッドを持つキャラクターが装備中、【回避値】に+1。,
AD,共通防具,封印拘束具,防具,,,,0,4,-1,,25/10,装備するとアフタープレイまで装備解除できない。人間性が20以下の間、A値が-2されドッジ修正+1。0以下の間、さらにA値-2、あなたの攻撃のダメージ+1D6。,
AD,共通防具,フォーマルウェア,防具,,,,0,1,0,,15/7,装備中、【社会】による判定の達成値に+1。,
GF235,共通防具,オクトパススーツ,防具,,,,0,4,-1,,-/15,装備には【技術】が7以上必要。装備中はムーブアクションで離脱移動が行える。,
GF235,共通防具,レイヴンスーツ,防具,,,,0,2,2,,-/15,装備には【技術】が7以上必要。装備中は飛行状態となり、飛行状態でない対象からの射撃攻撃に対するリアクションの達成値に+2。,
GF235,共通防具,ブーステッドスーツ,防具,,,,1,3,1,,-/20,装備には【肉体】か【感情】が7以上必要。装備中《魔獣化》状態なら【白兵値】+1,
「種別：夢」のアイテムは《夢界現出》の効果中のみしか装備や使用ができない。,,,,,,,,,,,,,
GF221,共通防具,ドリームアーマメント,防具(夢),,,,0,【感情B】,0,,-/7,ドミニオンまたはアレナの中では、この防具のドッジに+1。《夢界現出》の効果中に使用する「種別：魔法」のアーツの効果+2。,
GF221,共通防具,悩乱の衣,防具,,,,1,1,2,,-/9,《法悦の魔術》を持つ者のみ装備可能。装備中にあなたとの対決の判定に敗北した者は「翻弄：あなた」を受ける。,
共通乗り物,,,,,,,,,,,,,
,共通乗り物,バイク,乗り物,0,(【肉体】+1)+1D6,3,,,13●,至近,15/2,-,
,共通乗り物,四輪,乗り物,0,(【肉体】+3)+1D6,6,,,10●,至近,17/3,-,
,共通乗り物,装甲車,乗り物,0,(【肉体】+4+1D6,10,,,6●,至近,20/6,-,
,共通乗り物,エアヴィークル,乗り物,0,(【技術】+2)+1D6,5,,,8●,至近,24/10,装備中は飛行状態となる。,
,共通乗り物,船舶,乗り物,0,(【技術】+1)+1D6,4,,,6●,至近,22/8,GMが水上や水中であると判断したシーンでのみ装備可能。,
DO,共通乗り物,自走装置,乗り物,0,【肉体】+1D6,3,,,効果参照,至近,15/2,装備中の行動値は「[あなたの【肉体】+3]●」となる。,
DO,共通乗り物,マジックフライト,乗り物,0,(【感情】+2)+1D6,4,,,11●,至近,-/6,装備には【感情】か【加護】が7以上必要。装備中は飛行状態となる。,
GF235,共通乗り物,ゴリアテバスター,乗り物,0,(【技術】+8)+1D6,7,,,4●,至近,-/18,取得にはマッドサイエンティストのルーツか【技術】9以上が必要。装備中は「種別：巨大」として扱われ【白兵値】+1,
伝説の英雄専用装備（「《宝具解放》の回数を1回分消費することで～」といった効果は《宝具解放》の使用回数が残ってなければ使用できないが、《宝具解放》の使用条件である人間性20以下を満たしている必要はなく、《宝具解放》のコストを支払う必要もない。）,,,,,,,,,,,,,
,英雄宝具,聖剣,武器(白兵),0,(【加護】+5)+1D6,4,,,2,至近,-/-,この武器による《宝具解放》を「射程：シーン」に変更し、ダメージに+5する。,
,英雄宝具,魔槍,武器(白兵),1,(【感情】+1)+2D6,3,,,1,至近,-/-,この武器は、攻撃の直前に人間性を2点失うことで「射程：シーン」に変更できる。この武器による《宝具解放》に対してはガードを行なえない。,
,英雄宝具,陰陽双極,武器(白兵),1,【技術】+2D6,8,,,2,至近,-/-,装備中、ドッジの達成値に+1。この武器による《宝具解放》を「対象：範囲｣に変更する。,
,英雄宝具,呪書,武器(射撃/魔法),0,(【感情】+3)+1D6,2,,,2,シーン,-/-,命中判定は【感情】で行なう。この武器による《宝具解放》は「対象：範囲」となる。,
,英雄宝具,英霊軍,武器(射撃/軍団),0,(【社会】+4)+1D6,9,,,1,シーン,-/-,この武器による《宝具解放》を「対象：シーン」「射程：シーン」に変更し、ダメージへの修正を+10とする。,
,英雄宝具,妖刀,武器(白兵),0,(【技術】+1)+2D6,4,,,0,至近,-/-,この武器による《宝具解放》では命中判定を3回行ない、任意の結果を採用できる。,
,英雄宝具,黒の剣,武器(白兵),0,(【感情】+6)+1D6,3,,,-3,至近,-/-,この武器は攻撃のたびに人間性を2点失う。この武器で1点でもダメージを与えたDRの直後、あなたの【FP】を【感情】点回復する。,
,英雄宝具,天弓,武器(射撃),1,【加護】+2D6,1,,,-2,遠隔,-/-,この武器で1点でもダメージを与えた場合、さらに重圧を与える。この武器による《宝具解放》に対してはドッジの達成値が-3される。,
,英雄宝具,レジェンダリィガン,武器(射撃),1,(【技術】+3)+1D6,0,,,0,シーン,-/-,この武器は、攻撃の直前に人間性を3点失うことで「対象：範囲」に変更できる。この武器による《宝具解放》のダメージに対してはA値を0として扱う。,
,英雄宝具,神体,防具,,,,0,5,-2,,-/-,装備中、あなたが行なう白兵攻撃のダメージを+5し、英雄宝具以外の武器で《宝具解放》を使用できる。,
,英雄宝具,英雄乗騎,乗り物,0,(【肉体】+2)+1D6,4,,,20●,至近,-/-,装備中は飛行状態となる。この乗り物による《宝具解放》を使用した場合、攻撃前に即座に移動してもよい。,
DE,英雄宝具,無限の宝具,武器(射撃),0,(【社会】+2)+2D6,3,,,-4,シーン,-/-,この武器は「対象：範囲」となり、攻撃の直前に人間性を2点失うことで属性を【肉体】【技術】【感情】【加護】のいずれかに変更できる。,
DO,英雄宝具,魔殺の刃,武器(白兵),1,(【技術】+3)+1D6,4,,,0,至近,-/-,装備中「種別：魔法」のアーツおよび武器に対するリアクションの達成値を+2し、それらに対してはこの武器のG値を+8する。,
GF204,英雄宝具,討ち滅ぼすもの,武器(白兵),0,(【加護】+5)+1D6,4,,,-1,至近,-/-,取得時に種別かルーツから一つ選択し、それを持つ者にこの武器で与えるダメージ+5（ルーツならさらに+5）。,
GF204,英雄宝具,処刑具,武器(白兵),0,(【肉体】+3)+2D6,4,,,-3,至近,-/-,この武器による《宝具解法》のダメージに+5し、クラードに命中した場合即座にその【FP】を0にする。,
GF204,英雄宝具,聖盾,武器(白兵),0,(【肉体】+3)+1D6,10,,,-1,至近,-/-,DRの直後に《宝具解法》の回数を1回分消費することで「対象：範囲」「射程：至近」の受けるダメージを-20.これは「種別：防御」のアーツの効果として扱う。,
GF204,英雄宝具,轟く雷霆,武器(白兵),-1,(【感情】+3)+2D6,4,,,-3,至近,-/-,この武器は、攻撃の直前に人間性を2点失う事で「対象：範囲」となる。この武器による《宝具解法》は「射程：シーン」となる。,
GF204,英雄宝具,破星の光刃,武器(白兵),0,(【感情】+4)+1D6,3,,,-3,至近,-/-,この武器は属性のないダメージとなり、攻撃の対象のA値を0として扱う。この武器による《宝具解法》は「対象：範囲」となる。,
GF204,英雄宝具,白羽扇,武器(白兵),0,(【社会】+1)+1D6,5,,,1,至近,-/-,装備中に使用する《彼の出番だ》の効果の対象が行なう判定の達成値+2、ダメージ+1D6（使用時に《宝具解法》の回数1回分消費でさらに達成値+2、ダメージ+5D6）。,
GF204,英雄宝具,武技神髄,武器(白兵),1,効果参照+2D6,5,,,2,至近,-/-,この武器は素手として扱い、ダメージの基準と属性は取得時に【肉体】【技術】【感情】から一つ選択する。この武器による《宝具解法》に対してはガードを行えない。,
GF204,英雄宝具,英雄の威声,武器(射撃),1,【社会】+2D6,4,,,0,シーン,-/-,この武器で1点でもダメージを与えた場合、さらに放心を与える。この武器による《宝具解法》は「対象：範囲」となり、命中判定に+2.。,
GF204,英雄宝具,幻想神火,武器(射撃),2,(【感情】+10)+3D6,0,,,0,シーン,-/-,この武器は《宝具解法》による攻撃にしか使用できず、「対象：範囲」となる。解放状態で使用した場合、ダメージにさらに+4D6.,
GF204,英雄宝具,神宝,武器(射撃),1,(【加護】+2)+1D6,6,,,-1,シーン,-/-,クリンナッププロセスに《宝具解法》の回数を1回分消費することで、「対象：シーン」「射程：シーン」の【FP】を6D6点回復する。,
GF204,英雄宝具,星を堕とすもの,武器(射撃),0,(【感情】+3)+1D6,1,,,0,遠隔,-/-,この武器による《宝具解法》を「対象：シーン」「射程：シーン」に変更しダメージに+20、攻撃後あなたの【FP】は0となる。,
GF204,英雄宝具,要塞宝具,乗り物,0,(【技術】+9)+2D6,8,,,8●,シーン,-/-,マイナーアクションで《宝具解法》の回数を1回分消費することでのみシーン中装備可能。装備中は「種別：巨大」となる。この乗り物は射撃攻撃となり【射撃値】で判定、対象は3体。,
GF204,英雄宝具,覆い隠せしもの,防具,,,,-1,6,-1,,-/-,装備中《秘されし真名》の効果によるファンブル値の上昇を打ち消し、あなたを対象に含む情報収集判定と特殊攻撃の達成値を-3。,
GF204,英雄宝具,神鎧,防具,,,,-2,8,-3,,-/-,装備中あなたが行なう攻撃のダメージに+1D6し、あなたの【FP】が何らかの効果で回復する際、回復量に+【加護B】。,
,,,,,,,,,,,,,
,執行者装備,レーザーブレイド,武器(白兵),0,(【技術】+1)+2D6,6,,,-1,至近,-/15,この武器による《ファイナルクラッシュ》に対してはガードを行なえず、ダメージに+5する。,
,執行者装備,ブラスターガジェット,武器(射撃/白兵),0,(【技術】+3)+1D6,0,,,-1,遠隔/至近,-/12,白兵武器としても使用でき、その場合、/右側のデータとなる。,
,執行者装備,コスモブーメラン,武器(射撃),0,(【技術】+4)+1D6,2,,,-1,シーン,-/15,この武器で《ファイナルクラッシュ》を使用した場合、防御側のA値を0とする。,
,執行者装備,インパクトナックル,武器(白兵),0,(【技術】+1)+1D6,4,,,0,至近,-/10,この武器は素手として扱う。,
,執行者装備,コンバインバスター,武器(射撃),0,(【技術】+8)+2D6,0,,,-4,遠隔,-/25,1シナリオに1回まで使用でき、「種別：軍団」の武器を装備中か、同じエンゲージに同意した他のキャラクターがいなければ使用できない。,
,執行者装備,フォースシールド,武器(白兵),0,(【技術】+2)+1D6,10,,,-2,至近,-/10,-,
,執行者装備,マルチプルランチャー,武器(射撃),0,(【技術】+1)+2D6,0,,,-3,遠隔,-/10,この武器は「対象：範囲」となり、クラードには与えるダメージが+2される。1シーンに1回まで使用できる。,
,執行者装備,レンジャーフォース,武器(射撃/軍団),0,(【社会】+4)+1D6,6,,,-2,シーン,-/10,-,
,執行者装備,コンバットスーツ,防具,,,,0,5,0,,-/10,この防具は《魔獣化》と同時に即座に装備でき、装備中【技術】属性の攻撃のダメージに+2。この防具のA値は《魔獣化》の効果中のみ有効となる。,
,執行者装備,コズミックテクター,防具,,,,-3,7,-2,,-/20,この防具のA値は《ジャイアントバトル》の効果中のみ有効となる。この防具のA値は《魔獣化》の効果中のみ有効となる。,
,執行者装備,コスモマシン,乗り物,0,(【技術】+3)+1D6,5,,,14●,遠隔,-/9,装備中は飛行状態となる。この乗り物による攻撃は射撃攻撃となる。,
DE,執行者装備,コスモブレスレット,武器(白兵),0,(【技術】+7)+2D6,5,,,-1,シーン,-/30,ガードを宣言する直前に人間性を2点失うことで、そのDRの間、この武器のG値を+5。,
DO,執行者装備,レーザーウィップブレイド,武器(白兵),0,(【技術】+1)+2D6,5,,,-1,至近,-/18,この武器による《ファイナルクラッシュ》のダメージに+5。マイナーアクション使用でこの武器をラウンド中「射程：遠隔」に変更する。,
DO,執行者装備,スターバトルシップ,乗り物,-1,(【技術】+8)+1D6,3,,,12●,シーン,-/16,装備中、情報収集判定の達成値に+2。《ジャイアントバトル》の使用と同時に即座に装備でき、その効果中のみ攻撃に使用できる。,
,,,,,,,,,,,,,
,フルメタル装備,ギガノメタル,武器(白兵),0,(【肉体】+6)+1D6,7,,,-5,至近,-/10,あなたが「種別：巨大」である間、この武器のダメージを+1D6する。,
,フルメタル装備,デストロイガトリング,武器(射撃),0,(【技術】+2)+2D6,0,,,-4,遠隔,-/12,マイナーアクションを使用することで、そのメインプロセス中、この武器を「対象：範囲」に変更できる。,
,フルメタル装備,ヘヴィガーダー,武器(白兵),-1,(【肉体】+3)+1D6,9,,,-3,至近,-/8,-,
,フルメタル装備,ロケットパンチ,武器(白兵),0,(【技術】+3)+1D6,3,,,-2,シーン,-/10,この武器は素手として扱う。,
,フルメタル装備,ウェーブバニッシャー,武器(射撃),0,【技術】+2D6,0,,,-3,シーン,-/12,この武器による攻撃に対しては、防御側のA値を-5(最低0)してダメージを算出する。,
,フルメタル装備,レギオンシステム,武器(射撃/軍団),0,(【社会】+6)+1D6,4,,,-2,遠隔,-/15,マイナーアクションを使用し、人間性を2点失うことで、そのメインプロセス中、この武器を「対象：3体」に変更する。,
,フルメタル装備,メガバスターカノン,武器(射撃),0,(【技術】+4)+3D6,0,,,-4,遠隔,-/20,この武器は、待機を行なったラウンド中にしか使用できず、1ラウンドに1回まで使用できる。,
,フルメタル装備,複合装甲,防具,,,,0,5,-1,,-/10,-,
,フルメタル装備,アームドスーツ,防具,,,,-2,6,-4,,-/25,装備中、白兵攻撃ダメージに+2。,
,フルメタル装備,スーパーヴィークル,乗り物,0,(【技術】+2)+1D6,4,,,12●,至近,-/15,装備中はムーブアクションでエンゲージを離脱できる。,
,フルメタル装備,ギガオートマータ,乗り物,0,(【技術】+5)+1D6,10,,,10●,至近,-/30,装備中は「種別：巨大」として扱われる。装備中にメジャーアクションを行なうたび、人間性を2点失う。,
DE,フルメタル装備,真鍮の腕,武器(白兵),0,(【技術】+2)+2D6,5,,,0,至近,-/8,この武器は素手として扱う。,
DO,フルメタル装備,トルーパー,武器(白兵/軍団),0,(【肉体】+4)1D6,6,,,-2,至近,-/10,造られた怪物のルーツを持つものはこの武器による攻撃の直前に人間性を3点失うことで、その攻撃を「対象：範囲」に変更できる。,
DO,フルメタル装備,ブレイクドリル,武器(白兵),-1,(【技術】+3)+2D6,4,,,-4,至近,-/8,この武器による攻撃に対しては防御側のG値を-5(最低0)してダメージを算出する。,
DO,フルメタル装備,フロートユニット,乗り物,0,(【技術】+1)+1D6,4,,,15●,至近,-/16,装備中は飛行状態となる。,
,,,,,,,,,,,,,
,ヴァンパイア装備,ブラッドスティンガー,武器(白兵),0,(【肉体】+7)+1D6,4,,,0,至近,-/12,この武器で攻撃を行なうたびに【FP】を3点失う。,
,ヴァンパイア装備,影の刃,武器(白兵),0,【感情】+2D6,7,,,0,至近,-/15,この武器で攻撃を行なうたびに人間性を2点失う。この武器による攻撃では、防御側のG値を-5(最低0)してダメージを算出する。,
,ヴァンパイア装備,夜の眷属,武器(射撃/軍団),0,(【社会】+2)+2D6,0,,,0,シーン,-/10,この武器で攻撃を行なうたびに人間性を2点失う。,
,ヴァンパイア装備,クリムゾンバレル,武器(射撃),0,(【技術】+3)+1D6,0,,,0,シーン,-/8,この武器による攻撃を行なう際に宣言することで、ダメージの属性を【感情】に変更できる。,
,ヴァンパイア装備,漆黒の外套,防具,,,,0,5,-1,,-/7,-,
DE,ヴァンパイア装備,血に飢えた牙,武器(白兵/魔法),0,(【感情】+1)+1D6,3,,,0,至近,-/3,《魔獣化》中のみ使用でき、この武器で《エナジードレイン》を使用する場合、回復する【FP】を+5。,
DO,ヴァンパイア装備,緋色の礼装,防具,,,,0,3,1,,-/10,この防具はヴァンパイアのアーツ《●●フォーム》の効果中でも装備可能。,
R5,ヴァンパイア装備,吸血馬,乗り物,0,(【肉体】+4)+1D6,4,,,14●,至近,-/12,マイナーアクションを使用することで、そのメインプロセス中に行なう白兵攻撃の命中判定の達成値に+2。,
R5,ヴァンパイア装備,形見の刀剣,武器(白兵),0,(【技術】+6)+1D6,5,,,-1,至近,-/10,ダンピールのルーツを持つ者のみ装備可能。《斬魔の剣閃》に使用した場合、ダメージ+3D6。,
R5,ヴァンパイア装備,吸血拷問具,武器(白兵),-1,(【肉体】+1)+2D6,3,,,-3,至近,-/15,この武器は使用する度に2点の人間性を失い、1点でもダメージを与えた場合、攻撃対象の【FP】を0にしなくとも《血脈：斉家》を使用できる。,
,,,,,,,,,,,,,
,デーモン装備,支配の王錫,武器(白兵),0,(【感情】+2)+1D6,5,,,-1,至近,-/15,《ロイヤルブラッド》か《魔界爵位》を持つキャラクターのみ取得可能。装備中、【社会】属性の攻撃のダメージに+3。,
,デーモン装備,黒死の大鎌,武器(白兵),0,(【感情】+5)+1D6,3,,,-3,至近,-/15,この武器で攻撃を行なうたびに人間性を2点失う。この武器で1点でもダメージを与えた場合、さらに邪毒(2)を与える。,
,デーモン装備,魔界祭祀書,武器(射撃/魔法),0,(【感情】+2)+2D6,0,,,-5,遠隔,-/15,この武器で攻撃を行なうたびに人間性を2点失う。「種別：神聖」を持つ対象にはダメージが+5される。,
,デーモン装備,魔界礼装,防具,,,,1,効果参照,-1,,-/10,この防具のA値は使用者の【感情B】に等しい。,
,デーモン装備,魔界騎獣,乗り物,0,(【感情】+4)+1D6,4,,,15●,至近,-/12,この乗り物を装備中にマイナーアクションを使用することで飛行状態となる。解除もマイナーアクション。,
DE,デーモン装備,デモンブレード,武器(白兵/魔法),0,(【社会】+2)+2D6,5,,,-2,至近,-/20,《デモニックフォーム》の効果中、この武器は「射程：シーン」となる。,
DE,デーモン装備,真魔の躰,防具,,,,0,3,0,,-/13,装備中、あなたの【FP】最大値を+10する。,
DO,デーモン装備,デモニックブレイズ,武器(射撃/魔法),-1,(【感情】+3)+1D6,2,,,-2,遠隔,-/18,この武器による攻撃を行なう際に人間性を3点失うことで、攻撃の対象を2体に変更する。,
DO,デーモン装備,剛魔の甲冑,防具,,,,-1,6,-2,,-/15,《デモニックフォーム》の効果中、A値に+3しクリンナッププロセスごとに人間性を2点失う。,
「種別：魔艦」の乗り物は装備中、「種別：巨大」として扱われ、GMが水中の影響と判断した不利な効果を受けない。また、「種別：魔艦」の乗り物による攻撃は射程攻撃として扱われ、【射撃値】で判定する。これらは主砲や副砲、機銃といった固定兵器による攻撃を表現している。,,,,,,,,,,,,,
R3,デーモン装備,魔界潜水艦,乗り物(魔艦),0,【感情】+2D6,2,,,14●,遠隔,-/15,装備中、マイナーアクションと人間性3点消費で隠密状態になれる。隠密状態の間に行なう攻撃のダメージ+1D6。,
R3,デーモン装備,魔界潜水母艦,乗り物(魔艦),0,【感情】+2D6,2,,,14●,遠隔,-/20,装備中、マイナーアクションと人間性3点消費で隠密状態になれる。隠密状態の間に行なう攻撃のダメージ+1D6。名称に「空母」を含む乗り物とのみ同時に装備可能な武器一つを装備できる。,
R3,デーモン装備,魔界駆逐艦,乗り物(魔艦),0,(【感情】+1)+1D6,4,,,16●,遠隔,-/10,装備中、「種別：巨大」からの攻撃に対するドッジの達成値+2、名称に「魚雷」を含む武器による攻撃のダメージに+1D6。,
R3,デーモン装備,魔界高速駆逐艦,乗り物(魔艦),0,(【感情】+1)+1D6,4,,,19●,遠隔,-/20,装備中、「種別：巨大」からの攻撃に対するドッジの達成値+3、名称に「魚雷」を含む武器による攻撃のダメージに+1D6。,
R3,デーモン装備,魔界巡洋艦,乗り物(魔艦),0,(【感情】+3)+1D6,6,,,14●,遠隔,-/15,装備中、「種別：巨大」からの攻撃に対するドッジの達成値+1、取得時に「飛行状態」「種別：巨大」「隠密状態」から一つ選び、装備中は該当する対象へのダメージ+3。,
R3,デーモン装備,魔界重巡洋艦,乗り物(魔艦),0,(【感情】+2)+2D6,8,,,12●,遠隔,-/20,装備中、装備中<社会>以外のA値+2、【回避値】-1。,
R3,デーモン装備,魔界航空巡洋艦,乗り物(魔艦),0,(【感情】+2)+2D6,8,,,12●,遠隔,-/25,装備中、装備中<社会>以外のA値+2、【回避値】-1。名称に「空母」を含む乗り物とのみ同時に装備可能な武器一つを、その制限を無視して装備できる。,
R3,デーモン装備,魔界水上機母艦,乗り物(魔艦),0,(【感情】+1)+1D6,5,,,17●,遠隔,-/15,名称に「空母」を含む乗り物とのみ同時に装備可能な武器二つ、または特殊潜行雷撃艇ひとつのいずれかをその制限を無視して装備可能。,
R3,デーモン装備,魔界重雷装巡洋艦,乗り物(魔艦),0,(【感情】+2)+1D6,5,,,15●,遠隔,-/20,装備中、名称に「魚雷」を含む武器による攻撃のダメージに+2D6。,
R3,デーモン装備,魔界軽空母,乗り物(魔艦),0,【感情】+1D6,2,,,20●,至近,-/20,マイナーアクションを使用することでメインプロセス中、装備中の名称に「艦上」を含む武器を「対象：範囲」に変更する。,
R3,デーモン装備,魔界正規空母,乗り物(魔艦),0,【感情】+1D6,4,,,19●,至近,-/25,装備中の名称に「艦上」を含む武器を「対象：範囲」に変更しダメージ+【社会B】。常備化した場合、毎プリプレイで財産点を3点失う。,
R3,デーモン装備,魔界装甲空母,乗り物(魔艦),0,【感情】+1D6,8,,,17●,至近,-/25,装備中の名称に「艦上」を含む武器を「対象：範囲」に変更しダメージ+【社会B】。常備化した場合、毎プリプレイで財産点を3点失う。,
R3,デーモン装備,魔界航空戦艦,乗り物(魔艦),-1,(【感情】+4)+2D6,9,,,11●,遠隔,-/25,装備中<社会>属性以外のA値+2、【回避値】-2。この乗り物による攻撃は「対象：範囲」となる。名称に「空母」を含む乗り物とのみ同時に装備可能な武器一つを、その制限を無視して装備可能。,
R3,デーモン装備,魔界戦艦,乗り物(魔艦),-1,(【感情】+3)+3D6,10,,,10●,遠隔,-/30,装備中<社会>属性以外のA値+3、【回避値】-2。この乗り物による攻撃は「対象：範囲」となる。,
R3,デーモン装備,魔界高速戦艦,乗り物(魔艦),-1,(【感情】+1)+3D6,8,,,12●,遠隔,-/30,装備中<社会>属性以外のA値+3、【回避値】-2。この乗り物による攻撃は「対象：範囲」となる。,
R3,デーモン装備,魔界超弩級戦艦,乗り物(魔艦),-1,(【感情】+3)+4D6,12,,,8●,遠隔,-/40,装備中<社会>属性以外のA値+4、【回避値】-3。この乗り物による攻撃は「対象：範囲」となる。装備中「種別：回復」の効果を受けるたびに、財産点を1点消費しなければ回復量は半分(端数切捨て)。,
R3,デーモン装備,魔界陸上戦艦,乗り物(魔艦),-1,(【感情】+4)+3D6,11,,,9●,遠隔,-/30,装備中<社会>属性以外のA値+3、【回避値】-2。この乗り物による攻撃は「対象：範囲」となり、装備してもGMが水中の影響と判断した不利な効果を無視できない。,
R3,デーモン装備,魔界地底戦艦,乗り物(魔艦),-1,(【感情】+1)+3D6,9,,,11●,遠隔,-/25,装備中、マイナーアクションと人間性3点消費で隠密状態になれる。装備してもGMが水中の影響と判断した不利な効果を無視できない。装備中、名称に「ドリル」を含む武器の攻撃力+1D6。,
R3,デーモン装備,魔界水上要塞,乗り物(魔艦),-1,(【感情】+4)+3D6,12,,,6●,シーン,-/40,この乗り物による攻撃は「対象：3体」となり、装備中【FP】と【FP】最大値+10。あらゆるA値に+5。この乗り物は装備したシーンの終了時に失われる。,
R3,デーモン装備,魔界特殊艦艇,乗り物(魔艦),0,【感情】+1D6,4,,,12●,遠隔,-/10,取得時に、装備中「種別：回復」の効果を+1D6する魔界工作艦、武器を同時に装備できずマイナーアクションで隠密状態になれる魔界潜航輸送艦のいずれかを選択。,
R3,デーモン装備,連装魚雷,武器(射撃),0,(【技術】+3)+1D6,0,,,-2,シーン,-/10,名称に「駆逐艦」「巡洋艦」「潜水」を含む乗り物と同時にのみ装備可能。この武器は「種別：巨大」のG値とA値を-5(最低0)して扱う。,
R3,デーモン装備,連装霊素魚雷,武器(射撃),0,(【技術】+3)+2D6,-1,,,-3,シーン,-/15,名称に「駆逐艦」「巡洋艦」「潜水」を含む乗り物と同時にのみ装備可能。この武器は「種別：巨大」のG値とA値を-5(最低0)して扱う。,
R3,デーモン装備,特殊潜行雷撃艇,武器(射撃/軍団),0,(【社会】+2)+2D6,2,,,0,遠隔,-/5,名称に「潜水」または「重雷装」を含む乗り物と同時にのみ装備可能。同時に装備する乗り物の行動値+3。,
R3,デーモン装備,艦上戦闘機,武器(射撃/軍団),0,(【社会】+3)+1D6,6,,,-1,シーン,-/5,名称に「空母」を含む乗り物と同時にのみ装備可能。飛行状態の対象にはダメージ+1D6。,
R3,デーモン装備,艦上攻撃機,武器(射撃/軍団),0,(【社会】+4)+1D6,3,,,-1,シーン,-/5,名称に「空母」を含む乗り物と同時にのみ装備可能。「種別：巨大」の対象にはダメージ+1D6。,
R3,デーモン装備,艦上爆撃機,武器(射撃/軍団),0,(【社会】+4)+1D6,3,,,-1,シーン,-/5,名称に「空母」を含む乗り物と同時にのみ装備可能。飛行状態でない対象にはダメージ+1D6。,
R3,デーモン装備,艦首大型ドリル,武器(白兵),-1,(【感情】+4)+2D6,4,,,-2,至近,-/10,「種別：魔艦」の乗り物と同時にのみ装備可能。移動を行なったメインプロセス中、この武器による攻撃のダメージに+【感情B】する。,
R3,デーモン装備,艦首奈落波動砲,武器(射撃),0,(【感情】×2)+10D6,0,,,-2,シーン,-/20,名称に「戦艦」を含む乗り物と同時にのみ装備可能。この武器は「対象：範囲」となり、攻撃時に罪1点を消費しなければ使用できない。使用時以外は、この武器の攻撃力は0として扱われる。,
GF202,デーモン装備,魔楽器,武器(白兵),0,(【感情】+3)+1D6,4,,,-2,至近,-/7,装備中、特殊攻撃を行なう直前に人間性を1点消費することで、そのダメージに+1D6。,
GF202,デーモン装備,エヴィルアロー,武器(射撃),1,(【感情】+1)+1D6,3,,,-1,シーン,-/5,《魔獣化》中のみ使用可能。この武器で1点でもダメージを与えた場合、狼狽を与える。,
GF202,デーモン装備,エヴィルカッター,武器(射撃),-1,(【肉体】+2)+2D6,3,,,-2,遠隔,-/9,《魔獣化》中のみ使用可能。攻撃時に人間性を2点消費することで[対象：範囲]として攻撃可能。,
GF202,デーモン装備,エヴィルビーム,武器(射撃),0,(【感情】+6)+2D6,0,,,-2,シーン,-/12,アマルガムのルーツを持つ者のみ装備でき、《魔獣化》中のみ1シーン1回まで使用可能。,
GF202,デーモン装備,サイコショック,武器(射撃),-1,【社会】+1D6,0,,,-4,シーン,-/12,この武器で1点でもダメージを与えた場合、重圧と放心を与える。この武器では攻撃対象の【FP】を0にできない(最低1残る)。,
GF202,デーモン装備,ひしめく百魔,防具,0,,,0,3,-2,,-/8,常備化した場合、人間性初期値を-2。装備中に行なう射撃攻撃のダメージを+2する。,
GF202,デーモン装備,闘魔の巨体,防具,-3,,,-3,【肉体B】,-3,,-/10,かりそめの死から回復した直後にのみ、そのシーン中装備が可能(その際に即座に装備または交換できる)。装備中は【肉体】+2、「種別：巨大」として扱われる。,
GF202,デーモン装備,怨嗟の魔甲,防具,-2,,,-2,5,-4,,-/15,常備化した場合、人間性初期値を-4。白兵攻撃によってあなたに5点以上のダメージを与えた者は[恐怖：あなた]を受ける。,
GF224,デーモン装備,秩序の壊し手,武器(白兵),0,なし,3,,,0,至近,-/12,地獄の道化師専用。この武器が命中した場合、通常のダメージの代わりに対象の【FP】を[対象の【肉体】+2D6]点失わせる。,
GF224,デーモン装備,業火の魔鞭,武器(白兵),-1,(【感情】+6)+1D6,3,,,-2,シーン,-/13,この武器による攻撃がクリティカルした場合、命中した対象に束縛と邪毒3を与える。,
GF224,デーモン装備,チクタクボム,武器(射撃),-2,(【技術】+8)+2D6,0,,,-2,シーン,-/12,地獄の道化師専用。範囲を対象とする。命中判定にクリティカルした場合、あなたのエンゲージ全ても攻撃の対象に追加する。,
GF224,デーモン装備,スケアガス,武器(射撃),-1,なし,0,,,0,シーン,-/5,地獄の道化師専用。範囲を対象としダメージの代わりに[恐怖：あなたが決定した対象]を与える。すべて同じ対象を選択すること。,
GF224,デーモン装備,ラフィンガス,武器(射撃),-1,なし,0,,,0,シーン,-/7,地獄の道化師専用。範囲を対象としダメージの代わりに放心を与える。クラードの対象はさらに【FP】を[あなたの【技術】]点失う。,
GF224,デーモン装備,魔眼の一瞥,武器(射撃/魔法),0,(【感情】+4)+1D6,2,,,-1,シーン,-/10,この武器をガードに用いた場合、攻撃側の【感情】があなたの【感情】以下ならG値に+5し、攻撃側に放心を与える。,
GF224,デーモン装備,地獄行き超特急,乗り物,0,(【技術】+7)+1D6,7,,,20●,至近,-/9,地獄の道化師専用。この乗り物で移動、攻撃、ガードを行なったプロセスの終了時、この乗り物はそのシーン中失われる。,
GF224,デーモン装備,クラウンスタイル,防具,,,,0,0,2,,-/9,地獄の道化師専用。装備中【FP】を+9する。,
,,,,,,,,,,,,,
DE,ギアライダー装備,アクティブギア,乗り物,0,(【技術】+2)+1D6,5,,,17●,至近,-/-,装備中、ドッジの達成値に+2。,
DE,ギアライダー装備,エンシェントギア,乗り物(遺産),0,(【加護】+4)+1D6,7,,,17●,至近,-/-,装備中、【加護】に+2(【FP】は変化しない),
DE,ギアライダー装備,グラップルギア,乗り物,0,(【肉体】+3)+2D6,6,,,16●,至近,-/-,装備中、白兵攻撃のダメージに+3。,
DE,ギアライダー装備,グランバトラー,乗り物,0,(【技術】+2)+2D6,6,,,14●,至近,-/-,装備中、射撃攻撃のダメージに+3。,
DE,ギアライダー装備,魔神皇,乗り物,0,(【肉体】+5)+1D6,8,,,12●,至近,-/-,機動装甲と同時に装備中、A値に+2。,
DE,ギアライダー装備,魔導大聖,乗り物(魔法),0,(【感情】+3)+1D6,6,,,13●,至近,-/-,装備中、【感情】に+2(【FP】は変化しない)。,
DE,ギアライダー装備,ギアガーダー,武器(白兵),0,(【肉体】+4)+1D6,8,,,-4,至近,-/4,他の「種別：白兵」のギアライダー装備と同時に装備中、この武器の行動値修正を-2に変換する。,
DE,ギアライダー装備,ギアセイバー,武器(白兵),0,(【肉体】+6)+1D6,5,,,-2,至近,-/6,この武器はダメージの基準と属性を【技術】としても購入できる。,
DE,ギアライダー装備,巨斬刀,武器(白兵),-1,(【肉体】+8)+2D6,7,,,-6,至近,-/20,攻撃の対象が「種別：巨大」を持つ場合、ダメージに+5する。,
DE,ギアライダー装備,ブロウクンガジェット,武器(白兵),-1,(【技術】+6)+2D6,4,,,-4,至近,-/15,この武器による攻撃に対しては、防御側のA値を-5(最低0)してダメージを算出する。,
DE,ギアライダー装備,マニピュレーターアーム,武器(白兵),0,(【肉体】+3)+2D6,5,,,0,至近,-/10,この武器は素手として扱う。1シナリオに1回、マイナーアクションを使用することでそのメインプロセス中、この武器の攻撃力に+10。,
DE,ギアライダー装備,エナジープレイザー,武器(射撃),0,(【技術】+8)+2D6,2,,,-2,シーン,-/12,この武器は「対象：範囲」となり、1シーンに1回まで使用可能。,
DE,ギアライダー装備,ギアシューター,武器(射撃),0,(【技術】+3)+2D6,0,,,-2,シーン,-/8,この武器はダメージの基準と属性を【感情】としても購入できる。,
DE,ギアライダー装備,ギガントキャノン,武器(射撃),-1,(【技術】+6)+2D6,0,,,-3,遠隔,-/12,命中修正が-1され、攻撃力が+1D6されたものも購入可能。,
DE,ギアライダー装備,ゴッドエフェクター,武器(射撃),0,(【加護】+6)+2D6,0,,,-2,シーン,-/18,この武器は使用するたびに人間性を4点失う。,
DE,ギアライダー装備,ハイマニューバミサイル,武器(射撃),0,(【技術】+5)+1D6,0,,,-2,遠隔,-/9,この武器は「対象：3体」となり、1シーンに1回まで使用可能。,
DE,ギアライダー装備,バインドコンフューザー,武器(射撃),0,【技術】+2D6,0,,,-1,シーン,-/8,この武器で1点でもダメージを与えた場合、さらに束縛を与える。,
DE,ギアライダー装備,機動魔導書,武器(射撃/魔法),0,(【感情】+5)+2D6,5,,,-4,遠隔,-/15,装備には【感情】が7以上必要。購入時に種別ひとつを選択し、それを持つ対象にはダメージが+5される。,
DE,ギアライダー装備,ファイナルクラッシャー,武器(白兵/射撃),0,(【技術】+5)+4D6,0,,,-1,至近/遠隔,-/20,射撃武器としても購入でき、その場合は/の右側のデータとなる。1シナリオに1回まで使用可能。,
DE,ギアライダー装備,機動装甲,防具,,,,0,6,0,,-/5,ドッジ修正と行動値修正が-1され、A値が+2されたものも購入可能。,
DO,ギアライダー装備,アーマーハウンド,乗り物,0,(【技術】+3)+1D6,2,,,19●,至近,-/-,プリプレイに、常備化に必要な経験点が合計10以下のギアライダー装備をシナリオ中取得できる。,
DO,ギアライダー装備,アンヘルスギア,乗り物,0,(【加護】+2)+2D6,5,,,14●,至近,-/-,解放状態の間、この乗り物で行なう攻撃のダメージ+10。解放状態になった直後、4点の人間性を失う。,
,,,,,,,,,,,,,
DE,機動警察装備,機動スーツ,防具,,,,-1,4,-1,,-/-,装備中、【肉体】を+2し(【FP】は変化しない)、【白兵値】と【射撃値】に+1。,
DE,機動警察装備,機動ユニット,乗り物(ギア),0,(【技術】+3)+1D6,6,,,16●,至近,-/-,装備中、機動警察装備で行なう攻撃のダメージに+2し、防具を装備していない場合、A値に+6。,
DE,機動警察装備,MPS/U-01”スペシャルナンブ”,武器(射撃),0,(【技術】+3)+2D6,2,,,-1,遠隔,-/8,マイナーアクションを使用することで、そのメインプロセス中この武器のダメージを-3し、ダメージを与えた対象にさらに重圧を与える。,
DE,機動警察装備,"MPS/U-02""イフリート”",武器(射撃),1,【社会】+2D6,0,,,-1,遠隔,-/7,この武器は「対象：範囲」となり、命中した場合、放心を与える。1シナリオに3回まで使用できる。,
DE,機動警察装備,MPS/U-3”ブレイカー”,武器(白兵),-1,(【肉体】+3)+2D6,5,,,-3,至近,-/10,この武器による攻撃に対しては防御側のG値を-4(最低0)してダメージを算出する。,
DE,機動警察装備,MPS/U-04”アルタイル”,武器(射撃),-1,(【技術】+3)+1D6,3,,,-1,シーン,-/7,この武器で1点でもダメージを与えた場合、さらに束縛を与える。,
DE,機動警察装備,"MPS-05X""ガルム”",武器(射撃),-1,(【技術】+2)+2D6,3,,,-4,遠隔,-/15,機動スーツと同時にしか装備できない。この武器は「対象：範囲」となる。,
DE,機動警察装備,MPS/U-06”モノケロス”,武器(白兵),0,(【技術】+4)+1D6,4,,,-1,至近,-/5,この武器の命中判定にクリティカルして命中した場合、攻撃の対象に放心を与える。,
DE,機動警察装備,"MPI-07X""バスタータイアット”",武器(射撃),0,【技術】+3D6,2,,,-2,至近,-/15,機動ユニットと同時にしか装備できない。この武器は「対象：範囲」となる。,
DE,機動警察装備,"MPS/U-08X""ヘカントンケイル”",武器(射撃),0,(【技術】+6)+3D6,0,,,-5,遠隔,-/30,1シナリオに1回まで使用可能。対象が「種別：巨大」を持つ場合、与えるダメージに+2D6する。,
DO,機動警察装備,"MPV-00""モビルチェイサー”",乗り物,0,(【技術】+1)+1D6,4,,,14●,至近,-/7,効果中《緊急出動》の効果で行なう通常移動の代わりに離脱移動を行なってもよい。,
ダークカルテル装備はダークカルテルのブラッドを持つキャラクターのみが取得可能なアイテムである。,,,,,,,,,,,,,
AD,ダークカルテル装備,ダーククロー,武器(白兵),0,(【肉体】+1)+2D6,4,,,0,至近,-/10,この武器は素手として扱い、1点でもダメージを与えた場合、邪毒3を与える。,
AD,ダークカルテル装備,エレクトロウィップ,武器(白兵),0,(【技術】+3)+1D6,2,,,-1,シーン,-/10,この武器で1点でもダメージを与えた場合、放心を与える。,
AD,ダークカルテル装備,シャドウサーベル,武器(白兵),1,(【技術】+5)+1D6,5,,,0,至近,-/12,幹部か怪人のルーツを持つ者のみ装備可能。この武器で1点でもダメージを与えた場合、さらに重圧を与える。,
AD,ダークカルテル装備,戦闘指揮杖,武器(白兵),0,(【社会】+3)+1D6,5,,,0,至近,-/12,幹部のルーツをもつ者のみ装備可能。装備中《幹部の号令》の効果を受けて行なわれる攻撃のダメージ+【社会B】,
AD,ダークカルテル装備,怪光線,武器(射撃),0,(【技術】+1)+2D6,3,,,-2,遠隔,-/10,攻撃の直前に人間性を2点消費することで、この武器は「対象：範囲」として攻撃可能。,
AD,ダークカルテル装備,メルティングスピット,武器(射撃),0,(【肉体】+3)+1D6,2,,,-1,シーン,-/10,この武器で1点でもダメージを与えた場合、そのシーン中攻撃対象のA値すべてを-5(最低0),
AD,ダークカルテル装備,クライムマシン,乗り物,0,(【技術】+8)+1D6,7,,,7●,至近,-/15,装備中は「種別：巨大」として扱われる。《魔獣化》中のみ装備でき、《魔獣化》または解放状態になると同時に即座に装備と交換が可能。,
AD,ダークカルテル装備,トルーパータイツ,防具,,,,0,2,1,,-/5,戦闘員のルーツをもつ者のみ装備可能。この防具は《魔獣化》と同時に即座に装備できる。《魔獣化》中、【白兵値】+1。,
AD,ダークカルテル装備,シンボルバックル,防具,,,,0,4,0,,-/10,怪人のルーツをもつ者のみ装備可能。装備中、あなたの【FP】最大値を+10。,
AD,ダークカルテル装備,幹部の装束,防具,,,,0,【社会B】,-1,,-/15,幹部のルーツをもつ者のみ装備可能。この防具は《魔獣化》と同時に即座に装備できる。《魔獣化》中、あなたがアーツで行なう攻撃のダメージを【社会B】,
GF244,ダークカルテル装備,インディヴィデュアルスピア,武器(白兵),0,(【肉体】+4)+1D6,5,,,-1,至近,-/8,ひとつまで装備でき、怪人が装備した場合「行動値：+2」となる。,
GF244,ダークカルテル装備,タイラントファング,武器(白兵),0,(【肉体】+3)+3D6,3,,,0,至近,-/8,この武器は素手として扱い、《巨大化変身》か《恐怖の正体》の効果中のみ使用できる。,
GF244,ダークカルテル装備,ドレッドシールド,武器(白兵),0,(【技術】+2)+1D6,8,,,-2,至近,-/10,幹部か怪人かアウトサイダーのルーツを持つ者のみ装備可能。この武器でガードを行ない、G値が0にされなかった場合、攻撃後に攻撃側の【FP】を5点失わせる。,
GF244,ダークカルテル装備,カラミティバズーカ,武器(射撃),0,(【肉体】+8)+1D6,0,,,-2,遠隔,-/10,幹部か怪人のルーツを持つ者のみ装備可能。この武器による攻撃ダメージは攻撃対象のG値を-5(最低0)して算出する。,
GF244,ダークカルテル装備,ディザスターボム,武器(射撃),0,【技術】+2D6,0,,,-3,遠隔,-/10,この武器による攻撃の対象は2体となる。《卑劣！迫る悪の罠》に使用した場合、与えるBSは必ず狼狽となり、ダメージ+3。,
GF244,ダークカルテル装備,ダークチェイサー,乗り物,0,(【技術】+3)+1D6,4,,,14●,至近,-/8,アウトサイダーか偽ヒーローのルーツを持つ者が装備中は「行動値：17●」として扱う。,
GF244,ダークカルテル装備,エリートタイツ,防具,,,,0,2,2,,-/15,戦闘員のルーツを持つ者のみ装備可能。装備中は《援護いたします！》と《支援いたします！》の効果を+2する。,
着装者のルーツを持つ者のみ取得可能なアイテム。これらは《着装機攻》《古代戦士》で得た防具を装備中のみ装備と使用ができ、それらの防具を装備すると同時に即座に装備できる。,,,,,,,,,,,,,
AD,着装者装備,機攻拳足,武器(白兵),0,(【肉体】+1)+2D6,3,,,0,至近,-/5,この武器は素手として扱い、《エクセリオンチャージ》に使用時、1シナリオに1回ダメージに+3D6。,
AD,着装者装備,ダズルパルサー,武器(射撃),0,(【技術】+2)+1D6,0,,,-1,シーン,-/8,装備中《エクセリオンチャージ》の命中判定に+2。,
AD,着装者装備,グリッターエッジ,武器(白兵),0,(【肉体】+2)+2D6,5,,,-1,至近,-/10,《エクセリオンチャージ》に使用した場合、攻撃の対象はガードを行なえず、ダメージ+1D6。,
AD,着装者装備,クロスガンエッジ,武器(射撃/白兵),0,(【技術】+4)+1D6,4,,,-2,遠隔/至近,-/12,白兵武器として使用した場合は/の右側のデータ。《エクセリオンチャージ》に使用時、命中判定+2。,
AD,着装者装備,マグナムプラスター,武器(射撃),0,(【技術】+6)+1D6,0,,,-3,遠隔,-/12,この武器は「対象：範囲」となり使用時に人間性を2点失う。,
AD,着装者装備,マグナムブラスターモードS,武器(白兵),0,(【肉体】+5)+2D6,0,,,0,至近,-/8,ひとつまで取得でき、マグナムブラスターを装備中のみ使用可能。1シーンに1回まで使用でき、《エクセリオンチャージ》に使用時、ダメージ+1D6。,
AD,着装者装備,アームドヴィークル,乗り物,0,(【社会】+5)+1D6,6,,,13●,シーン,-/10,この乗り物による攻撃は射撃攻撃となり、【技術】で判定する。,
,,,,,,,,,,,,,
AD,メタモーファー装備,エナジーウェポン,武器(白兵),0,(【肉体】+2)+2D6,5,,,-2,至近,-/8,マイナーアクションを使用することで、そのメインプロセス中、この武器は「対象：範囲」になる。,
AD,メタモーファー装備,レーザーライフル,武器(射撃),-1,(【技術】+3)+1D6,0,,,-1,シーン,-/8,マイナーアクションを使用することで、そのメインプロセス中に行なう白兵攻撃の命中判定に+2。,
AD,メタモーファー装備,変形素体：大型車両,乗り物,0,(【肉体】+5)+1D6,8,,,7●,至近,-/10,《形態：ヴィークル》に指定時、常にあなたの【FP】最大値を+10。,
AD,メタモーファー装備,変形素体：救助車両,乗り物,0,(【肉体】+2)+1D6,6,,,11●,至近,-/8,《形態：ヴィークル》に指定時、常にあなたが使用するの【FP】を回復するアーツやアイテムの効果に+1D6。,
AD,メタモーファー装備,変形素体：高速車両,乗り物,0,(【肉体】+3)+1D6,5,,,14●,至近,-/10,《形態：ヴィークル》に指定時、あなたがこの乗り物を装備して移動を行なったラウンド中に行なう白兵攻撃のダメージ+1D6。,
AD,メタモーファー装備,変形素体：小型車両,乗り物,0,(【肉体】+1)+1D6,3,,,12●,至近,-/8,《形態：ヴィークル》に指定時、この乗り物を装備中あなたの【回避値】+2。,
AD,メタモーファー装備,変形素体：戦闘機,乗り物,0,(【肉体】+3)+1D6,4,,,10●,至近,-/12,装備中は飛行状態となる。《形態：ヴィークル》に指定時、あなたがこの乗り物を装備して移動を行なったラウンド中に行なう射撃攻撃のダメージ+1D6。,
チャンピオンのルーツを持つ者のみ取得可能なアイテム。これらのうち「種別：その他」のものは常に装備され、効果を持つ。それ以外の種別なら《魔獣化》中のみ装備でき、効果を持つ。(《魔獣化》と同時に即座に装備できる)。,,,,,,,,,,,,,
GF212,チャンピオン装備,神与の武具,武器(白兵),0,(【加護】+8)+1D6,5,,,-3,至近,-/10,聖闘鎧と同時に装備中【行動値】+2。《神羅血破弾》に使用時「射程：シーン」となる。,
GF212,チャンピオン装備,セイクリッドロッド,武器(白兵),0,【加護】+1D6,3,,,0,至近,-/10,変神衣と同時に装備中「種別：回復」「種別：支援」「種別：防御」のアーツの効果に+3。,
GF212,チャンピオン装備,聖拳神脚,武器(白兵),1,(【加護】+3)+1D6,4,,,0,至近,-/10,聖闘鎧か変神衣と同時に装備中、攻撃力に+1D6。《神羅血破弾》に使用時「対象：範囲」となる。,
GF212,チャンピオン装備,ホーリィエフェクト,武器(射撃),0,(【加護】+2)+2D6,2,,,-1,シーン,-/10,変神衣と同時に装備中「対象：範囲」となる。この武器で1点でもダメージを与えると、放心を与える。,
GF212,チャンピオン装備,神与の乗騎,乗り物,0,(【加護】+4)+1D6,4,,,13●,至近,-/15,装備中ムーブアクションで離脱移動可能。《神羅血破弾》に使用した場合、移動させた敵と同じエンゲージまで即座に移動してもよい。,
GF212,チャンピオン装備,聖闘鎧,防具(神継),,,,-1,7,-2,,-/-,装備中あなたが行なう攻撃のダメージに+【加護B】、解放状態になった際に回復する【FP】を+10する。,
GF212,チャンピオン装備,変神衣,防具(神継),,,,1,4,2,,-/-,取得時に、回復、支援、防御、攻撃から一つ選択し、装備中その種別のアーツの効果を+1D6。,
神格のルーツを持つ者のみ取得可能なアイテム。これらのうち「種別：その他」のものは常に装備され、効果を持つ。それ以外の種別なら《魔獣化》中のみ装備でき、効果を持つ。(《魔獣化》と同時に即座に装備できる)。,,,,,,,,,,,,,
GF223,神格装備,斬獲せしもの,武器(白兵/魔法),0,(【加護】+3)+2D6,3,,,-2,至近,-/8,「種別：人間」を持つ者は、この武器による攻撃に対してガードを行えない。,
GF223,神格装備,統べし神杖,武器(白兵/魔法),-1,(【加護】+3)+1D6,3,,,0,至近,-/12,装備中「種別：魔法」のアーツを使用する直前に人間性を1点失うことで、その効果に+2する。,
GF223,神格装備,神威轟拳,武器(白兵),-1,(【加護】+7)+1D6,4,,,-1,至近,-/10,この武器は素手として扱う。,
GF223,神格装備,神獣使役,武器(射撃/魔法),1,(【社会】+5)+1D6,6,,,-2,シーン,-/7,装備中、情報収集判定の直前に人間性を1点失うことでその達成値に+2する。,
GF223,神格装備,攻性神通力,武器(射撃/魔法),0,(【加護】+5)+1D6,4,,,-1,シーン,-/8,この武器は使用するたびに人間性を1点失い、1点でもダメージを与えるとさらに放心を与える。,
GF223,神格装備,神岩霊峰,武器(射撃),-2,(【加護】+9)+1D6,0,,,-2,遠隔,-/10,この武器は使用するたびに人間性を2点失い、1点でもダメージを与えるとさらに重圧を与える。,
GF223,神格装備,天翔ける神船,乗り物,0,(【加護】+3)+1D6,5,,,16●,至近,-/12,装備中は飛行状態となり、1ラウンドに1回イニシアチブプロセスに通常移動か離脱移動を行える。,
GF223,神格装備,神力の衣,防具,,,,0,【加護B】,1,,-/6,装備中は邪毒3以下の邪毒を受けない。,
宇宙海賊のルーツを持つ者のみ取得可能なアイテム。これらのうち「種別：乗り物」を装備中は「種別：巨大」として扱われる。,,,,,,,,,,,,,
GF222,宇宙海賊装備,単分子カトラス,武器(白兵),1,(【技術】+4)+1D6,4,,,-1,至近,-/5,装備中《海賊式でいくぜ！》を使用した攻撃のダメージに+1D6する。,
GF222,宇宙海賊装備,グラヴサーベル,武器(白兵/射撃),0/-1,(【技術】+2)+2D6,5,,,-2,至近/遠隔,-/8,射撃武器として使用する場合は/の右側のデータ。この武器による白兵攻撃でクリティカルした場合、ダメージに+1D6する。,
GF222,宇宙海賊装備,マスケットブラスター,武器(射撃),1,(【技術】+2)+1D6,0,,,-1,シーン,-/5,単分子カトラスと同時に装備した場合、【行動値】に+4する。,
GF222,宇宙海賊装備,サイコアーム,武器(射撃),1,(【肉体】+8)+1D6,4,,,-2,シーン,-/15,この武器によるダメージは<感情>属性となり、攻撃対象のG値を0として扱う。,
GF222,宇宙海賊装備,海賊船主砲,武器(射撃),-1,(【技術】+5)+1D6,0,,,-3,遠隔,-/3,名称に「船」を含む乗り物を装備中のみ使用可能(重装型宇宙海賊船の場合ダメージ+1D6)。,
GF222,宇宙海賊装備,快速型宇宙海賊船,乗り物,0,(【肉体】+2)+1D6,4,,,18●,至近,-/7,装備中、飛行状態となりムーブアクションでエンゲージを離脱できる。,
GF222,宇宙海賊装備,重装型宇宙海賊船,乗り物,0,(【肉体】+7)+1D6,8,,,9●,至近,-/12,装備中、飛行状態となり【回避値】-2。《ボーディングアサルト》のダメージ+1D6。,
GF222,宇宙海賊装備,ゼロGスーツ,防具,,,,0,3,2,,-/4,,
GF222,宇宙海賊装備,パイレーツジュストコール,防具,,,,0,5,0,,-/3,《お頭のひと声》を持つ場合「恐怖：あなた」を与えたクラードの【FP】を【社会】点失わせる。,
綺士のルーツを持つ者のみ取得可能なアイテム。これらのうち「種別：ギア」の武器は、「種別：乗り物(ギア)」を装備中のみ使用でき、「種別：乗り物(ギア)」を装備すると同時に装備または交換が可能。,,,,,,,,,,,,,
GF226,綺士装備,フィールドソード,武器(白兵),0,(【技術】+2)+2D6,5,,,-1,至近,-/10,他に武器を装備していない場合、【白兵値】+1。,
GF226,綺士装備,ターミネーショントゥース,武器(白兵),0,(【肉体】+5)+1D6,4,,,-2,至近,-/8,この武器の対象が範囲に変更された場合、与えるダメージに+1D6する。,
GF226,綺士装備,ツインフィールドソード,武器(白兵),0,(【技術】+2)+2D6,4,,,-1,至近,-/15,他に武器を装備していない場合、この武器の命中判定でクリティカルした際のダメージ+5。,
GF226,綺士装備,ブレイカースピア,武器(白兵/射撃),0/-1,(【技術】+5)+1D6,3,,,-3,至近/遠隔,-/12,射撃攻撃にも使用でき、/の右側のデータとなる。移動したメインプロセス中、この武器による白兵攻撃のダメージ+3。,
GF226,綺士装備,レリックキャリバー,武器(白兵),1,(【技術】+2)+2D6,5,,,-1,遠隔,-/20,解放状態の間、この武器による命中判定のクリティカル値を-1、ダメージを+1D6。,
GF226,綺士装備,オナーシールド,武器(白兵),-1,(【肉体】+1)+1D6,8,,,-2,至近,-/8,あなたがカバーリングを宣言したDR中、この武器のG値を+3。,
GF226,綺士装備,サイコチョーク,武器(射撃),-1,(【肉体】+6)+1D6,0,,,0,シーン,-/8,取得には《異能綺士》が必要。この武器でクラードに与えるダメージは+2D6される。,
GF226,綺士装備,サイコライトニング,武器(射撃),0,(【技術】+9)+1D6,0,,,-1,シーン,-/15,取得には《異能綺士》が必要。この武器は範囲を対象とし、ダメージ属性は<感情>となりG値を無視する。,
GF226,綺士装備,オーダーローブ,防具,,,,0,2,2,,-/8,武器を一つしか装備していない場合、【白兵値】に+1する。,
GF226,綺士装備,ナイトアーマー,防具,,,,-1,7,-2,,-/10,装備中に綺士装備で行なう攻撃のダメージに+2。,
GF231,綺士装備,聖骸機：駆逐型,乗り物(ギア),0,(【肉体】+6)+1D6,6,,,13●,至近,-/-,装備中、単体のみに行なう攻撃のダメージに+1D6。,
GF231,綺士装備,聖骸機：制戦型,乗り物(ギア),0,(【肉体】+4)+1D6,5,,,11●,至近,-/-,2体以上の対象やクラード「種別：軍団」を装備中の対象に行なう攻撃のダメージに+3。,
GF231,綺士装備,聖骸機：狂魂型,乗り物(ギア),0,(【肉体】+5)+2D6,5,,,15●,至近,-/-,装備中【肉体】【技術】+2(【FP】は変化しない)、判定を行なうたび1点の人間性を失う。,
GF231,綺士装備,アイアンデストリア,乗り物,0,(【技術】+2)+1D6,4,,,17●,至近,-/15,1ラウンド1回、イニシアチブプロセスに通常移動か離脱移動を行える。,
GF231,綺士装備,ブレイズガントレット,武器(白兵/ギア),-1,(【肉体】+9)+1D6,6,,,-1,至近,-/10,この武器を装備中《巨腕投擲》の効果が[対象の【肉体B】]から[対象の【肉体】]に変更される。,
GF231,綺士装備,フィールドバスター,武器(白兵/ギア),0,(【技術】+4)+2D6,7,,,-2,至近,-/10,この武器で使用する《聖綺剣技》の命中判定+1。,
GF231,綺士装備,聖骸剣,武器(白兵/ギア),0,(【肉体】+9)+3D6,7,,,0,至近,-/20,この武器のダメージは<加護>属性となり、クライマックスフェイズ中1シナリオ1回のみ使用可。,
GF231,綺士装備,プラズマスキャッター,武器(射撃/ギア),0,(【技術】+7)+1D6,0,,,-2,遠隔,-/10,この武器は範囲を対象とし、クラード及び「種別：軍団」を装備中のものへのダメージも+5。,
GF231,綺士装備,エスクワイアシステム,武器(射撃/ギア),1,【技術】+3D6,5,,,-1,シーン,-/15,. 取得には《異能綺士》が必要。この武器の攻撃は2体となり、G値を無視する。,
GF231,綺士装備,アナイアレイター,武器(射撃/ギア),-2,(【技術】+7)+4D6,0,,,-3,遠隔,-/20,この武器は範囲を対象とし、属性を持たないダメージとなる。1シナリオに1回、待機を宣言したラウンド中のみ使用可能。,
封印兵器 - 継承者が扱う過去の大戦の遺産、それが封印兵器である。これらは《魔獣化》中のみ効果を持ち、使用できる。,,,,,,,,,,,,,
GF196,封印兵器,戦術機神：陸號,乗り物(ギア),0,(【技術】+5)+1D6,8,,,10●,至近,-/-,飛行状態でない間、ギアライダー装備による白兵攻撃の命中判定に+2、ダメージに+3。,
GF196,封印兵器,戦術機神：空號,乗り物(ギア),0,(【技術】+2)+1D6,4,,,15●,至近,-/-,装備中は飛行状態となり、飛行状態の間ドッジの達成値とギアライダー装備による射撃攻撃のダメージに+2。,
GF196,封印兵器,戦術機神：海號,乗り物(ギア),0,(【技術】+3)+1D6,6,,,13●,至近,-/-,装備中はロケットパンチとギアライダー装備による攻撃のダメージに+2、GMが水中の影響と判断した不利な効果を受けない。,
GF196,封印兵器,戦闘飛装脚,乗り物(魔法),0,(【感情】+3)+1D6,3,,,17●,シーン,-/-,装備には【感情】か【加護】が5以上必要。装備中は飛行状態となり【回避値】+2、[種別：魔法]の効果とダメージに+2。,
GF196,封印兵器,鉄鋼巨人,乗り物(ギア),1,(【肉体】+4)+2D6,7,,,14●,シーン,-/-,この乗り物による攻撃は素手による攻撃として扱う。武器を装備していない場合、この乗り物による攻撃のダメージ+2D6。,
GF196,封印兵器,神武強装鎧,防具,,,,0,5,-1,,-/-,《魔獣化》と同時に装備可能。装備中【技術】属性のダメージに+3。4以下の邪毒を受けない。,
GF196,封印兵器,超神機兵,防具,,,,-2,7,-2,,-/-,取得すると装備から外せない。取得時に素手による攻撃か射撃攻撃のいずれかを選び、装備中選択した攻撃のダメージに+【技術B】。,
GF196,封印兵器,無双大豪傑,防具,,,,0,【肉体B】,0,,-/-,取得すると装備から外せない。あなたは「種別：機械」として扱われず「種別：人間」として扱われ、素手のダメージに+【肉体B】。,
プライマルのルーツを持つ者のみ取得と使用が可能なアイテム。,,,,,,,,,,,,,
GF242,始原人(ﾌﾟﾗｲﾏﾙ)装備,叫魂石(ｸﾗｲｽﾄｰﾝ)の武具,武器(白兵),1,(【肉体】+5)+1D6,3,,,-1,至近,-/5,この武器による攻撃の命中判定がクリティカルした場合、ダメージに+【肉体B】する。,
GF242,始原人(ﾌﾟﾗｲﾏﾙ)装備,友なる獣群,武器(白兵/軍団),0,(【肉体】+5)+1D6,8,,,-1,至近,-/12,この武器による攻撃の対象は範囲となり、ダメージ属性は〈社会〉となる。,
GF242,始原人(ﾌﾟﾗｲﾏﾙ)装備,叫魂石(ｸﾗｲｽﾄｰﾝ)の弓矢,武器(射撃),1,(【肉体】+4)+1D6,0,,,-2,遠隔,-/8,この武器による攻撃の命中判定がクリティカルして命中した場合、対象の【行動値】をそのラウンド中-5(最低1)する。,
GF242,始原人(ﾌﾟﾗｲﾏﾙ)装備,乗用恐竜：獣脚竜,乗り物,0,(【肉体】+6)+1D6,3,,,18●,至近,-/10,装備中はムーブアクションで離脱移動を行える。,備考：ヴェロキラプトル、ディノニクスなど
GF242,始原人(ﾌﾟﾗｲﾏﾙ)装備,乗用恐竜：角竜,乗り物,0,(【肉体】+7)+1D6,6,,,9●,至近,-/10,装備中、移動したメインプロセス中にこの乗り物で行なう攻撃の命中判定+2、ダメージ+1D6。,備考：トリケラトプスやスティラコサウルスなど
GF242,始原人(ﾌﾟﾗｲﾏﾙ)装備,乗用恐竜：鎧竜,乗り物,0,(【肉体】+5)+1D6,8,,,4●,至近,-/10,装備中、至近の単体がガードを行なう際に人間性を1点消費する事で、対象はこの乗り物のガード値を使用してガードしてもよい。,備考：アンキロサウルスなど
GF242,始原人(ﾌﾟﾗｲﾏﾙ)装備,乗用恐竜：翼竜,乗り物,0,(【肉体】+4)+1D6,2,,,16●,至近,-/10,装備中は飛行状態となり、この乗り物で飛行状態でない対象のみに行なう攻撃の命中判定に+2。,備考：プテラノドンやケツァルコアトルスなど
GF242,始原人(ﾌﾟﾗｲﾏﾙ)装備,乗用恐竜：暴君竜,乗り物,0,(【肉体】+6)+2D6,4,,,11●,至近,-/15,装備中は「種別：巨大」として扱われ、ファンブルする度にあなたは3D6点の【FP】を失う。,備考：ティラノサウルスなど
GF242,始原人(ﾌﾟﾗｲﾏﾙ)装備,バーバリアンスタイル,防具,,,,0,2,1,,-/5,装備中、狼狽を受けない。,
アーツから獲得できる装備,,,,,,,,,,,,,
DE,忍,忍具,武器(白兵/射撃),0,(【技術】+Lv×2)+2D6,Lv+3,,,3,至近/遠隔,-/-,射撃武器としても使用でき、その場合、/右側のデータとなる。装備中、隠密状態で行なう攻撃のダメージに+【技術B】する。　,
,寄生体,攻性触手,武器(白兵),0,(【技術】+3)+1d6,6,,,0,シーン,-/-,《魔獣化》中、装備する。《魔獣化》コストは+1される。,
,増殖体,生体装甲,防具,,,,0,【肉体B】 ,0,,-/-,《魔獣化》中、常に装備する。装備していた防具は所持品となる。《魔獣化》コストは+2される。,
,増殖体,レゾナンスアーム,武器(白兵),0,【肉体】+2D6,3,,,0,至近,-/-,生体装甲を装備中、あなたの素手のダメージを[【肉体】+2D6]に変更し、攻撃の対象のA値を0として扱う。,
DE,宇宙人,未確認飛行物体,乗り物,0,(【技術】+4)+2D6,6,,,12●,シーン,-/-,装備中は飛行状態となり、この乗り物による攻撃は射撃攻撃となる。,
DO,宇宙人,宇宙兵団,武器(射撃/軍団),0,(【技術】+Lv×2)+1D6,Lv+4,,,0,シーン,-/-,《魔獣化》中、装備する。装備中【技術】属性ダメージに+1D6し、《魔獣化》コストは+1される。,
DE,ｽﾋﾟﾘｯﾄ,精霊弓,武器(射撃/魔法),1,(【感情】+Lv×2)+2D6,2,,,0,遠隔,-/-,《魔獣化》の効果中、装備する。装備中、特殊攻撃の命中判定を【射撃値】+2で行える。,
DE,ｽﾋﾟﾘｯﾄ,精霊剣,武器(白兵/魔法),1,(【感情】+Lv×3)+1D6,Lv+4,,,0,至近,-/-,《魔獣化》の効果中、装備する。装備中、白兵攻撃に対するドッジを【白兵値】で行える。,
,天使,天使銃,武器(射撃),1,(【加護B】+3)+2D6,0,,,0,シーン,-/-,この武器を使用して攻撃を行なうたびに人間性を2点失う。攻撃の対象のアーマー値を0として扱う。,
DE,天使,パーティクルハンド,武器(白兵/魔法),0,(【加護】+Lv×2)+2D6,Lv+5,,,0,至近,-/-,《魔獣化》中のみ有効。この武器の命中判定は【加護】で行ない、攻撃の対象のG値を-5してダメージを算出する。,
DE,化狐,狐火,武器(射撃/魔法),1,(【加護】+4)+2D6,5,,,0,シーン,-/-,《魔獣化》中のみ有効。攻撃前に人間性を2点失うことで「対象：範囲」に変更できる。,
,ネイバー,群れをなすもの,武器(射撃/軍団),0,(【肉体】+2)+1D6,5,,,0,シーン,-/-,,
DO,ネイバー,ワイルドボイス,武器(射撃/魔法),0,(【感情】+Lv×2+2)+1D6,3,,,0,シーン,-/-,《魔獣化》中のみ有効。命中判定は【感情】で行なう。,
AD,天狗,天狗の羽団扇,武器(射撃/魔法),0,(【感情】+Lv×3)+1D6,5,,,2,シーン,-/-,《魔獣化》中、装備する。マイナーアクションと人間性2点消費でそのメインプロセス中「対象：範囲」となる。,
,ﾛｰﾄﾞ,エリートクラード,武器(射撃/軍団),0,(【社会】+Lv×2)+1D6,Lv×2+4,,,0,シーン,-/-,《魔獣化》中、装備する。この武器の命中判定は【社会】で行なう。《魔獣化》コストは+2される。,
AD,着装者,着装機攻,防具,,,,0,【技術B】,0,,-/-,《魔獣化》中、常に装備する。装備していた防具は所持品となる。装備中、【白兵値】【回避値】を+2。《魔獣化》コストは+2される。,
AD,着装者,古代戦士,防具,,,,0,【肉体B】 ,0,,-/-,《魔獣化》中、常に装備する。装備していた防具は所持品となる。装備中、【白兵値】【回避値】を+2。《魔獣化》コストは+2される。,
AD,妖怪,妖撃飛弾,武器(射撃/魔法),0,(【感情】+Lv×2)+2D6,Lv+2,,,2,遠隔,-/-,《魔獣化》中、装備する。攻撃時に人間性2点消費で「対象：2体」に変更可能。《魔獣化》コストは+1される。,
GF232,虚銃使い,虚銃(うつろなるじゅう)-Void Barrel-,武器(射撃),0,効果参照,0,,,0,シーン,-/-,《魔獣化》中のみ有効。この武器の攻撃力は[もっとも高い【基本能力値】+(LV+1)D6]、属性のないダメージとなり、使用の度に人間性を1点失う。,
DE,転校生,スクールウェポン,武器(白兵/射撃),0,(【感情】+Lv×2+3)+1D6,4,,,0,至近/遠隔,-/-,射撃武器として使用する場合は/の右側のデータとなり、【射撃値】で判定する。,
DE,魔女,魔女のホウキ,乗り物(魔法),0,(【感情】+1)+1D6,4,,,16●,至近,-/-,装備中はドッジの達成値に+2し、飛行状態となる。,
DE,魔女,魔法のステッキ,武器(白兵/魔法),0,(【感情】+Lv×2+2)+1D6,3,,,0,至近,-/-,命中判定は【感情】で行い、装備中は「種別：魔法」のアーツの効果に+3する。,
DE,マッドサイエンティスト,フランケンシュタインの怪物,武器(射撃/軍団),0,(【技術】+Lv×2)+2D6,Lv×2+3,,,0,シーン,-/-,この武器による命中判定のファンブル値は+1される。,
DE,R.E.L.I.C,機甲服,防具(遺産),,,,-2,4,-2,,-/-,装備中は【肉体】に+2する(【FP】は変化しない)。,
DO,落とし子,忌まわしき同胞,武器(射撃/軍団),0,(【感情】+Lv×3)+2D6,4,,,-2,シーン,-/-,この武器は攻撃に使用するたびに人間性を2点失う。,
GF203,アウトサイダー,ハンターショット,武器(射撃),1,(【技術】+Lv×3)+2D6,0,,,0,シーン,-/-,取得時に種別一つを選択し、その種別を持つ対象に与えるダメージが+5される。,
DE,死神,死の先触れ,武器(射撃),0,(【加護】+Lv×2)+1D6,Lv×2+4,,,0,シーン,-/-,装備中に行なう特殊攻撃のダメージに+1D6し、あなたの《魔獣化》コストは+1される。,
DE,死神,葬魂刃,武器(白兵),0,(【加護】+Lv×2+2)+2D6,Lv+2,,,0,至近,-/-,あなたの《魔獣化》のコストは+1される。,
DO,コズミックホラー,這い寄る触手,武器(白兵),0,(【肉体】+Lv×2)+2D6,Lv+2,,,0,シーン,-/-,この武器は素手として扱う。,
,マジシャン,武器練成,武器(白兵/魔法),0,(【感情】+2)+1D6,5,,,0,至近,-/-,,
,マジシャン,武器練成+錬成印：射撃式,武器(射撃/魔法),0,(【感情】+2)+1D6,5,,,0,遠隔,-/-,,